InstanceType,TaiBGenerator
InstanceSize,75
OverallRadius,1000
MaximumCluster,6
ClusterRadius,14.33852885
Tilt,0.2628760328
FlowBParam,5
FlowAParam,-11.20260498
XCoords,-51.718097,-47.810582,-52.525706,-59.494663,-64.036727,-62.880975,117.109137,116.773723,200.749653,202.709601,204.805738,207.555473,522.472572,524.225699,523.718888,527.271640,744.080103,753.688032,749.875810,760.923858,746.889766,-700.480808,-699.592490,-713.652250,-705.532034,-703.453838,-702.327706,-13.846129,-419.227439,-405.967975,-412.214230,-416.166754,-413.442680,-420.979689,-419.114047,-426.099707,-405.585773,637.070509,627.636124,642.703008,647.299544,625.358057,339.001152,337.877287,349.678203,337.544613,-355.540493,24.114920,22.714945,8.865287,106.736357,125.809803,123.193583,-753.010049,-752.596197,-738.439649,-744.533504,-745.705288,-755.075697,-452.522306,74.681782,70.266637,65.976238,69.369370,-844.127882,-854.529866,-850.899868,342.584008,340.599878,781.197140,770.670065,763.753595,773.024098,-452.538467,-453.646267
YCoords,-36.910153,-28.499067,-31.726089,-21.084868,-36.971824,-28.866761,-190.614429,-200.216031,-82.400216,-84.301161,-83.160391,-84.541296,-703.891302,-690.925672,-687.648766,-693.894826,394.250116,404.821854,395.928489,406.427903,401.574260,-142.390195,-150.837625,-147.442764,-134.732173,-146.305578,-139.541096,743.262847,-54.425403,-56.219479,-67.013245,-93.838313,-82.679823,-87.296771,-81.096035,-90.569364,-80.504838,-705.919647,-699.394988,-695.793750,-695.737063,-705.952749,103.123507,97.660416,97.300623,94.718097,-167.470011,-6.605708,5.592411,-6.164551,57.234901,57.189079,40.380275,-474.181435,-456.106475,-462.732725,-463.932658,-462.300787,-462.935969,228.858752,282.033685,285.701770,273.413631,284.479893,134.423377,121.576496,139.624248,-189.007333,-186.104258,-61.182794,-62.754676,-63.911927,-58.735062,137.262395,141.179303
