InstanceType,TaiBGenerator
InstanceSize,40
OverallRadius,1000
MaximumCluster,5
ClusterRadius,31.58899576
Tilt,0
FlowBParam,5
FlowAParam,-7.191815569
XCoords,49.024792,4.641637,457.461608,459.060766,479.552751,452.501054,421.300490,435.915580,439.686118,450.705569,-209.792209,-219.789154,-377.211329,-376.070923,-360.883633,-364.268808,7.564416,-9.928437,658.422035,656.916759,647.243932,-84.911703,-419.439882,-405.910318,-187.216330,-178.277339,-190.485622,974.749262,979.301117,975.303347,966.514189,972.152963,-898.744813,-137.468109,-100.390270,-126.794627,-98.586923,-105.566302,-7.260892,18.316147
YCoords,-25.710359,-18.268703,-728.854731,-786.026666,-732.233722,-777.870812,-532.149511,-546.136596,-542.181501,-510.554692,424.213970,439.758740,226.255270,221.256628,253.073198,245.825050,24.488061,13.224180,-651.620763,-635.828189,-645.002670,31.197895,-83.733603,-100.945429,-46.190745,-34.589156,-59.970609,-199.939236,-173.556901,-164.046571,-154.347830,-171.677566,241.391020,127.512211,142.534157,153.018608,139.905086,134.743715,-51.864859,-68.186508
