InstanceType,TaiBGenerator
InstanceSize,65
OverallRadius,1000
MaximumCluster,5
ClusterRadius,48.42801874
Tilt,0
FlowBParam,5
FlowAParam,-0.1636517593
XCoords,-656.062999,-664.344248,-645.535275,-611.978094,-659.656850,-755.081664,-720.634141,-726.920948,-721.325849,212.219740,190.236118,557.103555,559.107087,264.122433,291.268860,-266.044376,-308.880851,508.383673,-401.846793,-375.791088,89.024875,82.501667,937.918443,947.779788,892.763559,910.818811,904.767892,415.197382,421.973138,464.668250,432.083175,-130.529508,-89.798258,-109.409356,-105.972342,-98.462981,-446.206045,193.725981,211.109579,193.675071,202.314111,335.496836,-278.731314,-222.891939,420.450853,473.288330,440.878466,430.645756,385.519645,-398.852169,777.945654,69.080205,57.520543,110.423162,-364.218396,-393.853520,-557.096432,-402.096500,-309.907871,-325.472575,-294.522616,-284.403237,-348.014729,-150.790350,-127.826521,-123.675513,-144.536734,-125.085553
YCoords,605.750038,634.246799,580.382164,606.220632,628.928984,-571.794282,-592.604479,-585.871989,-554.123931,670.610045,671.491471,-400.446112,-429.902823,-686.799860,-699.976007,622.727265,625.970424,-530.062370,237.740211,255.423919,264.706665,247.319015,-122.402134,-131.120389,-104.650784,-109.031656,-103.442317,-376.000976,-360.944125,-421.023852,-392.206870,345.489720,365.059631,380.803020,340.955873,382.647965,430.349121,-558.330623,-518.330003,-531.419253,-497.831664,-673.864385,284.587905,286.251855,142.270510,-220.942963,-232.021204,-234.911417,-227.895734,284.129795,-614.611326,-273.497801,-254.074998,-240.988416,-745.310237,-774.405910,476.396252,28.985954,569.590588,540.119701,520.467270,556.355576,550.038544,-603.577846,-559.865458,-568.927972,-567.814801,-563.954991
