InstanceType,TaiBGenerator
InstanceSize,90
OverallRadius,1000
MaximumCluster,8
ClusterRadius,28.95539155
Tilt,0
FlowBParam,5
FlowAParam,-9.909805579
XCoords,532.088600,547.542334,566.784012,555.920270,542.250676,538.163488,-103.767850,-107.117496,-119.943203,-116.689420,-143.995692,-142.074438,113.307865,108.838753,96.580885,765.789199,778.623012,791.357138,767.250465,776.173368,773.801190,786.120834,786.550455,548.648621,523.495834,552.450630,567.567704,562.594066,-532.695495,-525.292050,-523.794257,-542.275426,37.276651,38.461348,44.480762,12.133097,63.227126,191.801506,201.924071,213.795222,202.423899,192.845269,203.115525,220.305683,-639.858493,-647.619363,-628.179692,-657.819572,-645.837173,-656.371973,-60.114265,-57.231339,-37.717371,-53.787665,-38.305560,-22.983890,-62.703620,-52.326317,-735.641985,-732.300366,-727.690791,-27.799613,114.648638,127.595499,109.924512,134.027250,105.563634,111.359035,103.983535,-633.955495,-645.684877,-629.697922,-632.597513,-865.972004,-844.483056,-854.568261,-842.219792,376.536750,397.332283,405.286536,379.915652,418.696036,418.629909,-392.604741,-366.497552,-370.338568,-371.124429,-373.548152,-362.036337,-373.847131
YCoords,-297.153904,-273.945743,-299.980141,-271.674891,-294.605830,-306.219796,874.212874,868.845627,862.441593,850.063341,879.369414,852.740606,-175.331922,-174.923106,-158.676562,-83.771246,-82.192927,-102.531797,-109.657919,-107.339736,-113.385952,-88.567879,-90.582821,657.485038,640.402647,631.113733,645.431691,658.456813,86.928171,79.310854,72.732631,107.595217,-854.028957,-854.336450,-847.300320,-862.517826,-851.578447,970.754724,956.276168,969.698125,976.537176,976.289573,966.066207,977.988698,424.303283,411.976649,415.409147,408.120540,403.139292,424.298685,-193.929260,-198.434601,-201.123369,-197.199667,-184.679658,-202.968320,-179.080474,-201.570932,678.520260,652.356012,667.275221,-628.798125,-275.258213,-297.922757,-298.433494,-288.342638,-273.158520,-263.626493,-271.418118,-502.776252,-500.621137,-529.195508,-484.866596,68.080017,22.496867,41.866542,46.591123,482.871590,481.725178,482.957424,470.530655,498.471168,496.001852,223.287659,231.339894,226.726382,233.815077,252.286861,258.499460,233.861548
