InstanceType,TaiBGenerator
InstanceSize,90
OverallRadius,1000
MaximumCluster,9
ClusterRadius,27.03312906
Tilt,0.1142141465
FlowBParam,5
FlowAParam,-6.984974151
XCoords,465.115131,-347.101490,-352.919686,-370.145815,-355.627771,-362.484839,-366.560287,-369.398461,-357.182808,88.105244,97.452725,109.333046,855.401103,889.063603,876.827937,133.271358,137.974277,146.552650,121.321870,125.703445,150.014663,131.402710,148.809184,-704.472109,-683.775195,-684.583195,-685.811107,-674.070384,-684.613733,-700.539089,-679.092919,-683.707338,357.129805,222.883999,239.638962,252.046512,248.432178,225.318027,349.232831,367.893149,501.402919,512.955134,528.152870,525.096227,-754.409298,-736.862961,-731.286995,-751.162892,-758.051829,-743.770220,-744.003580,-733.844841,-745.870515,-5.035387,2.163480,-666.145314,-646.137089,-671.522230,-675.551572,-674.443286,302.769809,423.134550,407.925852,405.079334,422.206377,438.821631,22.114581,26.558754,41.939718,28.247638,2.875666,-3.565544,6.290278,12.356803,-11.732266,-16.726666,3.833977,-37.285603,-37.959772,-16.421012,-96.793491,-70.958289,48.407246,49.414871,29.742184,48.692687,51.697778,111.779425,111.506582,108.040623
YCoords,-323.089732,-329.134774,-348.612956,-322.236694,-322.437045,-331.987465,-316.353075,-321.120287,-328.240138,-481.175942,-490.470498,-491.799094,-168.429425,-199.106835,-175.691203,433.564317,442.305733,446.402263,427.667745,434.815807,432.464611,411.790851,444.719895,-366.764956,-367.613173,-361.686788,-359.230273,-374.080539,-367.373153,-352.507927,-337.166880,-335.121243,-798.998084,-412.164126,-396.478697,-382.135044,-401.109789,-378.101377,281.631536,291.644166,-585.149386,-562.822113,-583.432591,-573.991909,-615.736075,-620.233265,-643.446650,-624.527559,-617.267926,-633.873284,-634.036121,-605.838028,-632.793789,79.096738,77.469147,392.543168,394.676538,393.253189,375.328484,397.059375,-727.006805,-377.816117,-366.726975,-374.728834,-367.118598,-385.666402,-305.727627,-316.084778,-330.342218,-322.781728,9.999100,6.075057,12.666664,3.097066,-23.733977,-18.005667,-36.638575,-23.710350,-21.774790,-22.844313,23.467023,7.603734,91.005443,98.979946,98.055311,89.216659,99.680012,-36.118095,-18.854391,-39.532159
