InstanceType,TaiBGenerator
InstanceSize,45
OverallRadius,1000
MaximumCluster,4
ClusterRadius,80.71829408
Tilt,0
FlowBParam,5
FlowAParam,-8.43591455
XCoords,275.249570,315.975951,340.440829,653.096721,683.746261,-17.044456,-175.786596,-213.913493,1.595822,50.939167,-14.622258,45.318541,697.596249,689.308115,-570.513188,-612.935397,37.606580,-8.258072,58.384976,-4.991550,29.061802,183.467471,187.125006,225.748338,195.401403,393.713357,453.503983,-29.600802,30.286713,30.721286,972.026351,950.542280,-311.836794,-238.706357,-282.271956,481.103009,391.726687,-1048.609482,-1027.547154,-679.805324,-319.443653,-249.070085,-295.806535,-242.403276,-163.084662
YCoords,-980.957306,-942.565620,-906.382569,208.180737,280.989623,0.614087,-267.391213,-243.019119,26.243520,64.594996,-42.202474,26.635544,-597.689810,-642.740086,555.409314,639.912422,-15.152840,4.582766,-15.286901,-200.414740,-150.389906,941.740655,878.599446,907.798579,917.685237,511.604137,550.842748,355.971972,463.421314,407.508698,288.651815,288.555394,186.207019,152.463177,203.239352,582.896119,640.239374,140.778196,156.703905,-262.798772,552.547239,476.524956,472.201018,518.767016,150.728644
