InstanceType,TaiBGenerator
InstanceSize,70
OverallRadius,1000
MaximumCluster,7
ClusterRadius,79.82239731
Tilt,0.185106433
FlowBParam,5
FlowAParam,-13.84803525
XCoords,15.277431,10.147177,11.921237,74.864687,42.099463,26.963176,35.925888,-352.866860,-360.954957,-575.661862,-601.216649,-616.630931,229.692648,155.470617,324.453184,282.866460,-210.205026,-293.191888,-207.395882,135.896295,147.240155,-207.167375,-111.655325,189.410357,123.224223,97.876185,388.000297,393.919917,449.620130,445.953814,405.962084,391.835289,321.515682,-102.806134,-55.216556,-60.360467,-77.209936,-30.586013,2.225848,757.287797,825.456576,811.511067,765.177451,756.245685,118.860783,157.019748,-200.763711,-190.589879,-187.701661,-183.591345,86.772532,74.815029,-363.132582,-347.744236,-345.424379,-300.591003,-314.827647,-361.439328,-210.454043,-243.208141,-302.906963,-296.674142,-290.878857,-269.392178,-281.290508,-358.024220,-297.593840,46.087137,55.201074,62.903920
YCoords,-50.817090,-117.266846,-113.081075,-112.627214,-63.200444,-69.552235,-88.917068,-723.974427,-662.491427,128.220401,18.319889,28.370620,-128.477953,-69.876234,-139.964266,-203.325510,-356.151429,-400.849297,-290.184108,31.884314,78.886177,-8.772190,-16.002732,391.922169,355.467706,349.771043,832.046483,808.833695,851.202920,812.698980,889.299131,903.416524,-216.893624,390.357042,473.785381,439.506181,344.182088,441.749186,410.041187,-85.281548,14.997742,30.194021,-29.342333,0.910934,-1.777287,28.925741,84.970015,76.176119,63.448917,134.340576,189.176467,169.639490,474.834923,467.704595,468.517757,518.978236,448.316428,521.537526,233.047799,238.721548,714.766161,735.999233,745.192730,734.633287,749.965524,739.560559,767.597556,377.585437,367.920639,372.504581
