InstanceType,TaiBGenerator
InstanceSize,60
OverallRadius,1000
MaximumCluster,13
ClusterRadius,75.73364683
Tilt,0.2221798592
FlowBParam,5
FlowAParam,-2.895012104
XCoords,191.441701,195.090313,164.118569,166.686706,178.810225,208.224742,228.298317,198.473374,286.922547,376.630125,325.691584,324.926464,250.607638,320.037186,310.719255,305.486462,380.350738,340.014060,345.013025,-166.032389,-133.787141,-248.712039,-185.719487,-179.141299,-187.894402,-209.286160,-876.370949,-952.640504,-58.746545,-93.497672,-48.544693,-42.556272,-45.356533,-79.019599,-91.347860,4.214305,-58.221655,-68.160997,-94.707118,85.760893,101.587363,136.333964,159.963345,181.610042,128.270067,142.272586,144.716014,154.949072,265.268545,216.197291,201.326927,238.871165,221.684170,217.949349,196.085829,230.285055,195.788148,228.845757,-368.703076,-425.171599
YCoords,558.564527,613.195466,550.519645,541.880538,554.014805,522.328494,548.540040,565.884947,-496.614262,-471.458755,-448.688761,-483.372224,-451.155884,-495.455887,-447.018957,-432.937987,-472.338005,-426.142157,-446.660292,888.686967,907.170033,855.373790,899.659795,875.395480,932.646974,844.751082,58.821458,80.876794,682.626170,658.920038,675.636011,666.564078,679.022142,708.999104,698.427783,729.138852,673.281305,629.947799,659.832748,-675.361330,-644.045038,-737.033571,-652.387970,-695.937439,-653.634877,-674.607479,-745.544950,289.019968,253.935317,296.795794,302.229048,296.035013,299.336963,299.340291,358.171995,316.394478,304.631558,294.034629,-467.780891,-382.252763
