InstanceType,TaiBGenerator
InstanceSize,30
OverallRadius,1000
MaximumCluster,3
ClusterRadius,74.37700911
Tilt,0.1994883104
FlowBParam,5
FlowAParam,-3.94040945
XCoords,79.416291,125.841800,56.740596,647.479585,661.103379,41.983166,-10.676765,-37.615055,-35.046232,-52.223034,-68.388266,-38.847852,-23.086497,-38.864709,-431.150987,-415.859059,-405.667162,447.413642,454.131033,-493.135247,-450.831574,844.289322,864.328333,857.806596,318.139663,275.427124,229.299707,231.677135,466.583559,489.202822,462.314722
YCoords,26.183152,44.732528,23.519467,665.576607,645.901467,29.550818,-8.941502,24.880538,87.316983,99.513298,-570.877835,-223.779387,-169.351735,-176.322145,140.227503,122.844958,110.244013,-702.066766,-684.075498,-374.980837,-326.916556,-210.602546,-225.542032,-288.562806,361.816409,435.674444,385.094738,342.036181,63.940955,128.684678,70.547308
