InstanceType,TaiBGenerator
InstanceSize,45
OverallRadius,1000
MaximumCluster,4
ClusterRadius,65.15636094
Tilt,0.1302669748
FlowBParam,5
FlowAParam,-8.504752814
XCoords,-29.568916,-45.599950,306.189879,311.330536,336.590593,300.545858,306.194436,301.290302,-529.375707,-576.957057,-72.545587,-119.332039,243.513248,166.834850,-54.125642,-91.372841,-99.698325,-25.422806,26.582601,-27.449317,-479.084859,-456.061305,-51.006346,-28.557021,-17.387581,629.556175,670.960141,659.659240,633.416777,23.703539,98.468987,131.414200,87.298263,108.686221,-77.861224,711.820174,689.285401,698.663773,670.609072,38.508519,-7.490892,-6.131221,42.399436,25.470120,550.912931,540.985032
YCoords,94.281756,93.563809,84.241280,97.445414,91.232045,77.854540,271.359274,772.493877,-264.836182,-307.227668,195.709580,220.826300,546.002840,550.952988,-736.239839,-793.879088,-760.364305,-871.115115,-4.942712,-17.040729,-362.022368,-388.089406,955.629858,943.686885,915.777982,-392.076124,-497.506673,-459.427762,-446.911470,-116.159154,-37.828599,-52.179565,-4.047262,-57.675001,3.460732,-610.404956,-627.618967,-693.138962,-633.384829,162.849371,143.616977,171.737701,428.564945,443.322301,57.690178,70.261134
