InstanceType,TaiBGenerator
InstanceSize,80
OverallRadius,1000
MaximumCluster,8
ClusterRadius,42.73942948
Tilt,0
FlowBParam,5
FlowAParam,-7.518088521
XCoords,71.783168,47.254211,44.189707,79.447015,62.864036,18.111573,-20.770984,-0.846713,-14.024433,-22.599770,-15.120687,44.906157,54.118729,10.956186,27.482716,-540.598898,-553.501397,-555.312542,-533.452793,-526.674223,-540.415383,-585.697346,-550.701466,-361.438665,-319.796262,-353.193476,-357.423342,-317.256072,-316.753899,-347.168558,-20.090287,-26.390420,-24.989347,21.823732,-28.842358,11.271928,-40.450473,-923.743482,-894.213684,-925.824586,-924.484135,-458.104330,-461.798805,-458.249174,-441.880996,-456.758650,-485.869206,-455.427610,-486.049179,-131.510437,-110.573246,-123.436485,-74.100825,-136.010224,-71.156999,-106.653144,-112.427062,-26.877764,247.177218,228.088105,-30.741541,5.840318,-38.297809,81.284469,82.618495,73.079980,88.039743,62.819385,99.429927,97.424201,94.021937,97.363418,76.416044,371.385127,361.378164,277.472968,252.161371,274.437148,222.721149,28.132230
YCoords,219.527781,235.724331,227.692789,252.766379,183.659159,-20.336019,-25.871696,-42.640170,-40.958243,-68.191892,-41.969240,6.834347,33.230735,56.656728,-3.433602,-75.643253,-123.576344,-111.817504,-121.683517,-135.491833,-101.605852,-120.489015,-115.313522,431.096568,447.517892,431.133580,431.312373,434.559445,434.340675,419.409304,276.072741,278.826701,236.261792,255.612128,212.095584,210.073386,240.012995,136.566279,111.036227,171.973176,114.681957,793.307700,788.543853,791.155704,754.832155,791.478664,766.014166,797.081460,822.205825,51.958705,90.842293,65.907824,50.533092,46.872579,44.610134,65.823299,54.777613,492.311034,49.482588,24.713799,357.394811,354.087678,360.798641,-892.182117,-872.641087,-981.894150,-972.448651,-938.785044,-953.038004,-962.476672,-972.401856,-933.481716,-930.286938,-164.082116,-169.137361,634.961813,657.301169,646.500125,645.168106,42.707614
