InstanceType,TaiBGenerator
InstanceSize,55
OverallRadius,1000
MaximumCluster,10
ClusterRadius,11.16321657
Tilt,0
FlowBParam,5
FlowAParam,-13.56896556
XCoords,-200.382132,-191.052723,-195.377399,-190.549465,-187.022667,-195.435699,-193.073649,-187.962438,-142.907850,-142.639497,-134.577178,-144.640793,-151.637893,-141.440182,-140.822548,-142.452319,-141.212359,374.846782,369.655943,361.127061,369.641840,362.747596,372.038966,370.084701,-352.629871,-367.967119,-363.254445,-355.347465,-359.315367,-355.081773,-360.414712,-340.943839,-347.406966,-344.938437,-338.789352,197.829331,199.436325,209.387417,203.029274,202.416459,199.152878,204.595636,205.176377,211.603907,332.661744,337.827177,325.889262,328.279126,339.700777,343.085507,333.307909,333.741789,-532.542887,-543.062910,-548.118960
YCoords,-453.034351,-448.164155,-445.036022,-449.341226,-448.579064,-446.308232,-450.817519,-441.974051,-297.957455,-295.376553,-293.746174,-300.999739,-298.083864,-295.050861,-293.312342,-295.873639,-301.976534,420.541188,418.721094,416.338352,419.126634,421.324893,415.002390,414.676056,52.932997,44.978996,43.577170,47.449165,55.229062,48.254484,49.109763,-6.490211,-8.292630,-10.366876,-12.300189,-28.406307,-27.862225,-34.450698,-20.627201,-30.689918,-34.470357,-30.001249,-29.224196,-37.327945,-338.346595,-329.967421,-332.794846,-341.936426,-347.424961,-344.048030,-339.190901,-339.396181,268.109735,275.321844,274.156489
