InstanceType,TaiBGenerator
InstanceSize,50
OverallRadius,1000
MaximumCluster,4
ClusterRadius,88.34634301
Tilt,0
FlowBParam,5
FlowAParam,-10.59474743
XCoords,-155.126217,-57.291002,-125.189142,-133.464640,352.316568,-70.673134,-47.409261,-72.587590,-38.638995,-35.234630,-104.018856,236.834522,245.866105,-90.544501,-33.787427,-2.561465,-993.757881,-1034.965966,-1018.870582,-1007.307446,440.497845,-169.882236,-129.903992,-233.886105,-220.550262,-62.552801,-41.314173,-114.260389,-812.485132,-886.659653,-6.054287,-541.676922,-88.160472,-767.153626,-714.081907,155.087650,185.824664,179.357206,243.459152,875.236636,894.049676,866.458847,247.831233,367.448295,817.606750,-630.062938,307.940582,574.470553,591.483955,-366.377074,-393.461205,-386.505747,-333.537443
YCoords,86.805875,95.823952,100.812851,120.466128,82.066281,127.212295,102.877953,107.455775,111.134775,106.800463,88.281959,-91.212258,-96.517219,-65.892809,-66.344210,-68.120180,70.449075,102.773852,154.541951,56.920440,61.204396,-396.443074,-418.727324,595.597396,617.300430,-31.951317,-49.535369,-72.590664,544.637845,502.583870,-7.686124,-172.276435,-99.772931,-323.662675,-309.877104,260.977784,226.744759,307.125781,243.618715,-458.182417,-380.580527,-423.839254,496.459861,-492.202827,-384.182389,759.331500,253.768522,-370.223723,-300.537832,-576.875753,-512.119882,-517.595918,-493.508617
