InstanceType,TaiBGenerator
InstanceSize,95
OverallRadius,1000
MaximumCluster,14
ClusterRadius,67.44534282
Tilt,0
FlowBParam,5
FlowAParam,-1.688204486
XCoords,30.514899,-25.941358,-9.771627,543.398347,531.279198,489.826929,531.211024,531.667760,556.335862,511.466033,529.454995,539.815767,525.685995,546.519932,546.171388,-272.907758,-252.042632,128.357704,206.919922,150.689033,123.522601,181.880310,165.384523,159.183921,167.655820,176.027539,-842.955164,-802.644338,-799.408584,-824.960947,-859.633698,-836.850540,-319.971398,-284.245039,-339.736119,-357.401517,-255.809924,-487.752638,-518.306663,-558.617841,-562.371298,-534.760225,-474.860917,-504.274458,-509.343662,-509.679379,-543.129631,-519.135184,793.935678,726.661394,733.779102,725.358419,759.575019,761.502475,733.582893,728.999809,731.697339,745.156494,695.678799,750.532542,-139.568016,-107.555915,-166.930832,-116.706067,-148.979355,-140.368652,-121.750695,-145.474337,-152.137051,-129.862278,-200.310655,-122.233251,-123.623652,-103.394453,226.946978,192.583979,-97.515891,426.488586,456.104692,489.999167,222.810580,200.539716,162.462964,194.087746,218.986921,246.109769,186.407720,352.380012,409.950417,342.014957,362.826843,346.970122,327.703983,379.397482,366.062216,357.973450,351.638930,352.002047,394.607323,400.650059
YCoords,0.160493,-50.112513,-65.813253,116.196735,121.340900,117.845510,120.687815,122.751861,156.010001,80.873298,121.786846,158.370691,144.442124,170.469328,166.251014,152.661100,155.459489,31.473778,-61.919206,-3.395500,-4.728374,-20.814245,-21.242765,-28.749328,-29.544989,-25.618269,-396.162840,-434.980592,-347.452648,-418.672342,-435.122998,-376.253662,-657.226856,-664.947149,-629.933519,-674.946455,-640.908104,-30.387798,-20.817696,-32.988614,-5.462884,-92.875702,-38.057280,-35.169362,-45.510414,-59.363902,-31.352299,-59.226299,343.427345,279.324615,340.322495,377.726999,317.706750,321.490828,326.884504,341.356341,339.061359,332.704722,389.540460,369.803387,147.711896,128.209199,76.069555,164.485094,132.139363,145.734768,111.824045,154.134696,153.769289,87.519747,101.175107,111.004574,130.466438,96.665602,-796.090018,-864.534861,-606.292082,-208.341380,-193.351365,-143.151393,53.505294,82.724659,123.407516,88.087807,75.527917,103.262295,123.945208,397.186864,405.536058,361.613204,383.956268,410.233839,394.305063,367.764791,301.300117,360.158386,401.301243,357.695227,315.076066,364.049307
