InstanceType,TaiBGenerator
InstanceSize,60
OverallRadius,1000
MaximumCluster,7
ClusterRadius,10.71515463
Tilt,0
FlowBParam,5
FlowAParam,-2.542803528
XCoords,686.727513,88.551909,77.610623,82.439667,77.002715,80.573630,84.419253,89.669205,30.961687,-184.929099,-188.827135,58.822577,64.768662,61.788434,62.999749,66.099317,66.394208,73.722511,276.666603,259.615632,263.311331,350.429524,341.336072,340.525355,348.703529,350.363642,142.143025,134.975207,143.133677,141.547644,137.303778,142.582636,142.165383,-642.909489,-650.988436,-646.458666,-654.586476,-646.670144,-736.814947,-736.207381,-736.911809,-737.624326,-741.298080,-734.022483,-486.577186,-480.509139,-486.969878,-492.244080,475.226666,483.221345,476.600140,481.844068,480.396191,478.885368,486.274873,-127.422177,-118.675603,-124.204015,-119.697027,-111.660790
YCoords,611.792920,380.906662,384.483179,379.047253,384.286098,378.917128,385.054177,381.648392,26.560846,17.953992,19.622189,-116.921816,-118.660774,-106.755896,-107.226655,-125.822164,-113.639678,-112.496722,-903.956904,-903.884161,-906.904746,599.743917,598.460921,594.744935,599.260072,607.458934,97.904108,86.644056,95.273894,91.265884,99.745356,89.173530,90.955689,601.619243,592.792352,608.301646,595.879638,598.719947,156.293911,158.324490,157.281197,148.595952,151.989893,153.832226,96.782756,87.327670,96.150466,94.953301,457.986424,460.207963,464.209838,468.902446,468.524953,466.377019,464.649607,11.654592,8.065189,7.876761,5.719194,16.957074
