InstanceType,TaiBGenerator
InstanceSize,75
OverallRadius,1000
MaximumCluster,6
ClusterRadius,36.89128587
Tilt,0
FlowBParam,5
FlowAParam,-12.46895913
XCoords,207.275249,-259.782764,-271.158191,-275.853733,-245.526296,-106.287491,-99.303405,-120.713439,-108.635580,-131.516583,-89.938620,-51.119851,610.456861,631.577958,607.267402,648.190515,630.540272,627.423997,11.637232,-4.156669,8.707032,17.223241,9.394750,38.209245,146.162329,108.970378,138.724963,-630.004070,-615.859391,-615.020101,465.693183,434.784838,168.189784,168.413637,182.113885,173.559122,178.535216,474.187573,472.685628,442.665066,449.120497,499.980725,472.437557,-161.154843,-221.641117,-154.536333,-189.814415,-177.125589,-85.238985,-91.666146,-77.158441,-88.739975,-67.560357,-77.803654,-221.741114,-231.382191,-205.653729,-222.871219,-201.221107,-422.046208,-451.098694,-434.761839,-442.438572,251.209615,271.611459,256.262372,237.629761,232.151797,220.280039,247.350095,-755.972905,-702.783693,-754.648987,-730.155271,-731.272074
YCoords,-764.048810,406.877525,411.891963,384.503463,377.553568,-365.918163,-349.270728,-346.884168,-365.887838,-346.994006,-360.951675,-36.657202,-329.598366,-323.775962,-320.203576,-306.646683,-322.690518,-287.048974,228.575129,206.574850,237.650646,197.902946,225.683769,254.226856,-132.176419,-145.670066,-101.791498,-767.850386,-741.404436,-748.277693,-225.292265,-249.723466,151.090054,114.063997,120.908971,114.560277,167.687752,145.884862,154.522557,164.318075,157.643540,148.365268,148.672373,-269.178235,-266.957744,-279.572990,-268.800087,-281.088184,-888.841117,-908.943523,-898.932658,-870.633816,-857.439291,-897.017832,-213.476473,-259.911799,-233.999934,-202.923094,-246.335074,321.528068,321.696058,321.622705,328.491991,320.459553,325.460656,325.747278,313.895131,-245.427502,-283.424800,-263.870124,173.957582,169.363185,159.197578,165.643934,155.635870
