InstanceType,TaiBGenerator
InstanceSize,70
OverallRadius,1000
MaximumCluster,14
ClusterRadius,39.79392721
Tilt,0
FlowBParam,5
FlowAParam,-8.802368875
XCoords,882.108090,879.310116,850.635580,853.201077,844.903669,850.594620,719.881946,719.481297,-336.488839,-341.956721,-353.110346,-371.537884,-329.045914,-355.490597,-300.711166,-334.462187,-353.179017,-371.725173,-326.883773,-360.931087,-319.230572,-351.013621,502.531333,496.520267,34.091561,10.880008,20.157734,34.451494,-10.371810,5.894670,11.137861,230.688272,235.644186,217.567436,214.469803,228.372192,263.058597,239.623425,226.996371,219.251578,238.437293,226.134482,226.908240,236.734461,-635.714049,-649.133296,-646.782702,-584.653832,-631.332980,-610.142362,-646.876945,-167.285115,-170.987947,-158.647051,-198.054442,-166.222553,-175.524910,263.935874,226.642398,269.949492,244.710793,269.379528,225.378188,265.496940,250.393980,-6.770345,-10.577897,-16.309457,-73.665273,-81.479813,-83.842259,-83.420145,-93.823302,-60.433563,-97.675305,-93.180524,-77.864471,-77.151855,-81.594526
YCoords,332.044639,309.545497,292.387269,355.778939,338.564132,351.995196,-191.099478,-181.071076,572.377369,578.669933,579.128465,580.932305,583.714226,556.719016,590.510562,587.702800,596.041812,576.345380,587.200711,576.440513,575.127891,591.674899,141.624489,110.349165,-38.663687,11.168680,25.198940,-40.680827,-3.506819,-21.412271,-11.785558,229.848894,208.824598,215.044552,235.293677,220.120149,246.498695,207.323576,231.118056,218.842482,219.369861,219.347110,257.143213,211.219246,-393.554213,-385.482398,-381.880371,-370.314032,-369.449365,-364.323267,-396.576542,119.016739,98.494309,59.619363,87.698341,94.171736,123.094106,499.678724,516.336841,506.624348,496.183367,484.393584,524.771086,463.346637,487.898160,2.050278,24.183750,38.979840,623.924927,598.006641,592.036688,589.602319,562.626825,631.679462,590.701064,588.754720,600.876312,599.034133,600.017778
