InstanceType,TaiBGenerator
InstanceSize,35
OverallRadius,1000
MaximumCluster,4
ClusterRadius,98.94855516
Tilt,0
FlowBParam,5
FlowAParam,-9.21774573
XCoords,34.627520,27.348886,28.413935,83.546964,73.482458,150.566522,115.607383,201.703494,66.862479,7.767884,-8.682363,242.296476,249.921486,209.118964,-373.605773,-410.268378,-692.518889,-773.605469,-703.323210,-661.454626,316.134431,302.255739,194.398275,184.119386,4.797214,227.899352,208.665809,189.485649,191.161382,283.016519,224.476688,220.619793,733.057167,705.984000,777.588784,737.370029
YCoords,229.595995,220.198839,222.718444,-76.209009,-105.808611,48.865951,186.774272,125.838912,140.889714,-57.284031,-118.885307,-862.945327,-830.277524,-907.899912,127.112008,121.175139,-29.007314,-108.820170,-71.042453,-66.453828,151.587412,110.285054,210.330254,78.365578,-504.041065,412.456407,564.499494,564.794322,421.713724,385.281237,395.908201,393.347320,-284.022981,-288.961430,-212.671033,-295.719982
