InstanceType,TaiBGenerator
InstanceSize,85
OverallRadius,1000
MaximumCluster,32
ClusterRadius,48.55700188
Tilt,0.2862498924
FlowBParam,5
FlowAParam,-9.4752613
XCoords,149.897375,159.517051,854.085863,854.693568,426.262550,384.056948,372.578358,401.027597,400.970683,360.068253,381.893214,411.564441,383.422197,400.437540,395.338416,375.344157,398.628490,406.909181,387.928471,398.638716,408.700107,392.855204,401.184491,377.603952,384.583265,415.874095,383.260094,407.531319,430.384050,105.402472,73.247241,123.680256,95.742165,708.772464,688.002852,708.236851,665.635194,687.331591,684.666243,694.985397,695.301159,679.676118,697.961091,694.494615,698.158245,434.587663,437.532536,450.172754,435.295623,426.001043,882.095454,941.413446,914.370126,916.782394,931.758516,897.887554,961.353460,919.433996,936.745629,960.625301,955.711038,882.331528,932.171598,892.252251,955.290669,963.083863,945.317215,880.228375,900.805693,907.223495,876.012536,921.729603,950.135801,118.532356,92.856929,91.833415,93.798542,96.591537,80.447387,82.162328,114.367196,132.972705,93.435769,120.032016,71.791888
YCoords,-358.078353,-351.756571,-263.587464,-240.587576,73.991509,129.594645,81.673967,83.026469,90.422227,94.674388,84.717441,111.961710,46.565854,87.582790,80.161118,64.197662,102.882324,81.121139,103.221803,99.271778,68.208231,109.010759,77.314728,93.591925,81.564645,84.888999,91.363250,88.989010,82.310295,-195.041998,-166.537769,-149.037956,-159.684429,636.051598,632.549741,675.002236,636.553936,651.663307,650.677990,637.835973,645.274203,660.959752,651.337017,625.855045,645.683708,-422.430544,-445.099162,-442.530540,-436.531920,-456.002189,291.130504,296.561446,332.673963,301.681320,279.985810,304.894233,271.637259,314.932022,295.918361,326.898632,294.811882,316.906168,309.666478,306.108990,326.159863,278.584990,276.464328,293.460773,322.220088,302.739444,299.268471,270.501403,323.916456,-32.689348,-13.041346,-15.731469,-7.917266,-9.751714,15.048815,-31.459696,-31.162580,-20.085547,-20.461438,-34.918120,2.867501
