InstanceType,TaiBGenerator
InstanceSize,70
OverallRadius,1000
MaximumCluster,8
ClusterRadius,27.53900324
Tilt,0
FlowBParam,5
FlowAParam,-14.76268621
XCoords,189.281039,188.757475,292.521677,308.051152,317.929231,296.548506,305.473332,324.060944,240.906628,238.265580,251.377004,-708.428146,-702.756784,-689.827352,-722.750728,-713.164429,-705.757963,-731.005436,-708.361469,388.056525,379.209891,959.389810,930.367056,949.914527,928.363917,934.462871,955.629957,957.617433,966.237126,31.427315,16.196424,9.709086,16.319528,-412.645125,-410.309777,-435.216243,-415.851104,-400.644151,-489.157737,-463.478788,-456.145490,-453.761281,-475.516075,-489.030812,-291.446585,-298.186599,-302.263447,-294.425438,-100.903982,-100.724045,-87.802734,-120.525378,-119.478337,-108.608324,-345.594609,-343.051300,-332.621531,192.601214,204.950624,191.362781,898.293830,896.046255,907.462335,900.346423,889.980145,908.971235,-272.125236,-244.321609,-263.441978,-258.440273
YCoords,187.963817,181.176373,469.295553,456.643336,469.928634,485.328927,481.629979,471.512026,455.956214,459.529570,459.035854,-146.642680,-145.237459,-162.682885,-148.616313,-147.907536,-146.667394,-158.119362,-150.783981,-29.432241,7.726955,112.971114,107.020232,106.494918,115.718516,95.243711,100.270716,121.264041,122.486630,845.005887,864.329858,850.273715,844.248140,465.559743,436.627840,457.686838,471.042528,439.006757,170.351068,157.221890,183.882610,161.322446,181.343527,185.983017,-564.814480,-585.294809,-568.149091,-585.210615,-633.252396,-630.061515,-612.347430,-621.518321,-645.793162,-631.372340,-192.890618,-197.328941,-184.112882,103.346926,100.064571,101.725021,-386.048414,-390.709468,-372.411805,-368.796113,-390.748196,-364.596822,-14.469024,-23.623295,-5.205202,-17.435441
