InstanceType,TaiBGenerator
InstanceSize,50
OverallRadius,1000
MaximumCluster,8
ClusterRadius,33.65614727
Tilt,0.2898059181
FlowBParam,5
FlowAParam,-14.66993278
XCoords,732.289301,736.960398,747.946429,751.777754,702.718483,729.304318,715.963604,435.052837,438.726009,418.597725,447.806010,417.758965,447.696298,205.342762,200.749911,214.278867,841.255359,68.856343,71.018596,-11.034753,-20.167901,-14.537304,-10.572826,-0.891536,-20.871610,-42.170040,-28.039119,-120.979180,-108.928625,266.474349,311.142306,258.749895,303.785118,287.520579,-231.382804,-216.573124,-221.144379,-221.279940,-224.346758,-73.937327,-91.560904,-84.976250,-84.760439,-76.948619,-689.493636,-704.674879,-711.818980,-687.142197,-700.673629,-674.976459
YCoords,391.362146,398.965408,415.567773,422.684834,397.000764,409.586031,412.758427,-711.998376,-711.261720,-732.391738,-693.852502,-732.544114,-703.018143,17.198615,17.382307,22.849513,437.720454,458.853284,471.559666,211.853496,221.554825,209.013404,206.229961,214.436849,213.436328,208.926594,236.097713,135.658856,134.555903,-7.292718,-13.039913,-7.379713,14.404826,5.153063,963.628828,933.940976,971.470600,943.291019,949.415821,-212.540915,-219.387442,-220.423911,-219.896700,-221.047138,487.149057,434.280566,449.477232,459.047633,480.795753,447.781843
