InstanceType,TaiBGenerator
InstanceSize,100
OverallRadius,1000
MaximumCluster,7
ClusterRadius,16.29924582
Tilt,0.2748965231
FlowBParam,5
FlowAParam,-14.52712775
XCoords,-189.983750,-180.788897,-178.580787,-170.039689,-180.158339,-187.764666,-169.457147,-349.230108,-341.706666,-341.600328,-336.406803,-339.611570,-341.876093,-344.875595,89.418157,100.163646,100.425126,97.053139,92.466842,104.469632,-170.463337,-178.848126,-178.197927,-171.506222,16.933781,29.473245,19.964921,21.233467,27.590624,21.456678,29.324885,137.864001,147.857864,-418.576568,-422.265378,-418.061258,-436.483065,-426.020350,203.437655,-238.386137,-238.558340,-236.862739,918.384756,927.812291,909.254575,555.799477,554.206934,548.532820,536.935189,-243.224886,397.804557,-408.887909,-400.280588,-413.296488,-407.349994,-405.585972,-39.051240,24.478275,31.382080,22.338828,21.546731,339.786945,346.774461,343.540765,345.057388,860.686622,855.865944,-619.193538,-601.728560,-621.493885,-609.915715,-605.661782,-618.848648,-620.799294,-665.820981,-680.338348,-676.341623,-682.705960,-952.235226,-954.132911,-950.677600,-946.087371,-937.867408,-945.015989,-943.109574,589.063773,605.260427,600.349950,591.256721,614.199103,609.260823,271.413108,270.582950,260.117226,269.655057,274.218155,258.103208,448.367476,444.638489,460.053587,457.815424
YCoords,490.843961,493.070691,489.489593,482.056536,489.415167,496.354784,496.541999,854.651834,867.852029,850.309710,844.662623,845.343651,844.198336,854.808575,255.084245,262.601664,266.706889,264.578856,277.438571,280.191538,398.440680,384.157430,393.225848,402.376829,-11.998545,-24.935007,-15.009492,3.748463,-14.613944,-13.072280,-10.255841,28.500087,45.678046,826.940717,835.391977,822.457812,836.784707,822.681630,324.072800,-14.260307,-17.330658,-12.116104,35.407630,55.528933,44.980799,-543.297383,-550.713810,-557.465606,-546.457945,-468.903628,-90.926864,-457.313571,-461.396890,-449.739274,-457.097655,-451.819120,-1.412211,-29.831424,-39.385442,-28.279071,-26.501094,-508.841740,-495.024309,-506.339610,-505.396187,509.487190,506.703570,742.065647,739.934563,739.209582,742.640915,748.842267,747.836368,743.135195,-727.099950,-725.368441,-730.304466,-728.172187,55.295650,52.032671,53.686859,54.752004,50.079536,66.677904,56.732081,-368.950906,-376.941184,-367.729753,-355.924207,-367.111596,-379.756486,381.896135,386.093384,381.819868,383.868899,380.574376,372.144823,40.883384,30.767951,33.557108,48.992794
