InstanceType,TaiBGenerator
InstanceSize,55
OverallRadius,1000
MaximumCluster,7
ClusterRadius,67.3359569
Tilt,0.1798876969
FlowBParam,5
FlowAParam,-4.637349908
XCoords,-218.781988,-236.144860,-284.308252,-255.099389,-219.184975,275.810812,172.965578,176.254492,249.960380,290.098639,235.708894,183.653850,221.270568,174.110828,193.036878,182.534253,174.950943,168.554128,567.869083,516.284631,-61.245425,-120.211189,-45.681212,-80.195129,-70.883380,-60.107528,-334.312063,-352.885843,-348.223430,541.013175,584.792851,528.023168,485.005593,510.286125,157.939707,137.203919,116.770743,136.838434,146.671347,699.400885,513.577182,531.149381,510.938915,144.742200,224.475451,174.879759,183.906547,200.531151,267.570468,455.033970,493.775209,516.155962,475.218388,503.884588,510.015552
YCoords,-56.377858,-62.525480,-93.656614,-69.666328,-632.818943,345.599400,286.212958,367.071340,-395.736695,-355.692070,-410.838429,-75.663413,-72.009510,-130.806750,-66.372105,-61.244836,-70.567526,-79.869082,-492.497934,-525.749184,600.397276,614.844686,613.049709,543.735069,625.131540,591.048930,-314.099162,-270.326071,-261.147888,-84.259706,-131.345772,577.916229,577.947310,522.798637,-318.017699,-283.464167,-305.961139,-283.321417,-277.091334,-468.030760,-61.501139,-59.220218,-33.605881,-586.501351,-562.084942,-604.104482,-642.398034,-579.746958,-597.049179,-344.127763,-370.094482,-348.696469,-360.824840,-342.969745,-367.231840
