InstanceType,TaiBGenerator
InstanceSize,40
OverallRadius,1000
MaximumCluster,9
ClusterRadius,87.93717827
Tilt,0.1452153812
FlowBParam,5
FlowAParam,-3.754100067
XCoords,-484.506010,-476.719594,-566.533228,-513.075046,-475.487043,-441.937159,-441.095397,-467.634063,-490.434768,-193.392514,-164.512538,199.461983,198.703435,194.600469,248.296060,-426.595480,-441.368982,-384.734965,-445.224848,-414.963705,-413.351682,-385.251062,-427.671579,-419.935474,110.825018,155.708321,168.033245,106.187613,137.962438,101.096851,-84.628750,-50.970467,410.469293,413.182281,448.190065,411.096919,481.447103,439.149331,362.661429,420.449291
YCoords,-833.682794,-785.141835,-829.636997,-877.088658,-918.931991,-796.438373,-846.211836,-839.147338,-889.280745,213.303350,55.920986,101.629756,51.098611,120.360901,134.111878,-446.175444,-424.402832,-464.138393,-488.265369,-517.203413,-451.501093,-498.075808,-427.823889,-466.116582,859.004612,794.191458,-706.071383,-659.557580,-644.337482,-706.653075,22.268256,-10.968344,-220.352653,-176.015998,-228.535453,-296.505197,-224.650411,-192.060931,-213.192580,-226.173694
