InstanceType,TaiBGenerator
InstanceSize,90
OverallRadius,1000
MaximumCluster,20
ClusterRadius,16.19952145
Tilt,0.1829508883
FlowBParam,5
FlowAParam,-1.655512442
XCoords,351.964730,375.015956,361.111311,362.627921,355.693449,363.613676,358.614099,361.871894,362.212442,360.003007,366.001196,353.933133,351.170082,372.190119,360.072853,362.072222,364.239012,374.990446,365.077867,361.906172,-337.667971,-338.117983,-332.422745,-332.628916,-328.623249,-330.979160,-323.131755,-335.125426,-330.555619,-349.625537,-334.995654,-337.846552,-350.466014,-335.838378,337.337690,337.314288,317.561764,334.155614,327.357182,308.565678,322.207154,315.387098,328.194153,328.726227,312.515412,316.249384,328.851838,319.919636,322.258883,330.346356,-122.180877,-117.434731,-118.313014,-132.631896,-122.475099,-130.221388,689.541221,678.474477,671.387438,671.822149,692.057767,686.876769,681.984064,695.615777,121.509923,139.038921,131.066337,128.291426,-405.235161,-397.992983,-395.865102,-390.492255,-398.725858,-402.502824,-394.282124,-466.739033,-464.233714,-455.845100,-459.639797,-472.076231,-473.258588,-457.865490,-462.004171,-463.268758,-459.662859,-480.054506,-459.075893,-467.908410,-471.474854,-469.288638,-471.251640,-469.923328,-457.443905,-466.728496
YCoords,707.580956,702.229503,711.043288,713.508365,721.224994,701.400627,695.173069,706.726807,722.149415,704.622281,709.955271,710.287056,698.706758,708.625123,706.830830,722.872303,707.726822,714.390973,706.606850,707.002625,60.662306,52.601640,56.790568,71.324041,69.878051,60.221819,67.606609,67.158786,53.228082,64.528036,66.996874,56.951268,64.078855,64.117184,90.414201,86.591064,89.525284,90.793235,90.657588,93.345360,89.908689,94.750310,82.337065,86.993120,75.776994,76.552482,83.096505,92.783129,82.347381,93.160154,633.932429,632.516803,638.013237,623.097597,634.101945,634.936073,-687.837096,-699.721750,-693.637596,-694.327807,-686.881038,-679.663012,-701.091083,-679.812303,750.483594,748.221541,730.093823,743.941123,122.354628,132.601906,130.015063,136.006537,116.569783,134.144776,123.197891,-35.377996,-34.021498,-29.970361,-30.574598,-38.902993,-26.687679,-18.726217,-31.480733,-31.531813,-22.596917,-32.667774,-18.519596,-43.670444,-29.516745,-26.191218,-26.275918,-26.432124,-31.693366,-28.231517
