InstanceType,TaiBGenerator
InstanceSize,45
OverallRadius,1000
MaximumCluster,5
ClusterRadius,96.53919844
Tilt,0.1606135895
FlowBParam,5
FlowAParam,-6.138635412
XCoords,286.515751,283.311520,-278.807748,260.742867,307.246266,93.770018,69.804401,83.419370,35.007468,-375.564996,-395.875262,-394.028335,-182.669519,-201.477778,-242.072932,-251.745803,875.383356,816.135683,820.041776,424.660809,503.169394,997.402989,1001.415258,-360.630513,-378.441768,-277.608881,-244.014979,286.562163,201.017845,606.486638,599.080600,626.386435,594.749817,0.060353,171.982050,114.962699,-302.448513,813.542514,804.103774,751.862205,759.754768,413.177366,-189.892102,-184.215473,575.914002
YCoords,-428.933723,-482.177261,-347.334846,-893.672885,-949.185419,-650.005963,-691.178909,-603.509087,-644.136001,-319.845748,-233.598532,-222.644027,372.194165,327.953975,316.990862,299.003399,454.062953,394.061862,464.996863,648.226454,605.759070,57.302735,93.164979,820.236088,717.770540,767.355553,721.926360,776.805754,777.365575,85.307842,190.209443,79.576906,119.663114,-19.677257,-80.591263,-34.976620,44.469905,-28.439149,-29.625118,45.628014,-2.508370,-610.592814,-934.005671,-964.781201,-283.985605
