InstanceType,TaiBGenerator
InstanceSize,85
OverallRadius,1000
MaximumCluster,7
ClusterRadius,95.11664361
Tilt,0.2968461333
FlowBParam,5
FlowAParam,-14.57190976
XCoords,39.220559,111.686615,87.296396,62.767037,40.707500,129.424501,126.963512,-40.009368,-44.119283,-56.967103,-413.725204,-379.442562,-387.282924,-449.896186,648.235642,663.783998,648.319553,610.149689,684.929739,601.642007,-388.942215,-392.340634,54.122329,119.845341,35.213724,60.717833,82.743855,-326.055304,-572.431511,-577.648984,102.509721,174.747590,97.678817,201.486017,97.079090,181.132295,176.898764,377.512667,407.297908,-13.479185,-66.366627,-88.482058,-36.320963,-818.629301,-111.847816,-280.745183,-242.632223,-203.737865,-285.387805,-259.205707,-265.174904,892.597472,917.584204,934.278157,949.658635,944.079843,976.272042,-9.696726,0.852318,208.450804,253.532224,230.102124,298.585179,290.665924,293.782680,343.537643,293.453384,216.171377,353.742852,315.744381,328.453025,175.038468,158.787680,248.160970,217.434056,-705.172581,-701.854254,-621.792570,446.381826,465.966783,429.264669,454.120888,444.402792,-230.410198,-884.429096,-914.023522
YCoords,795.284610,801.020012,739.126243,762.396068,730.859163,768.269116,705.568261,-58.659878,63.447624,54.674196,331.278358,361.180579,288.316492,303.956754,-52.678020,-153.368705,-119.310174,-72.639472,-55.518459,-102.289636,122.967992,240.639030,-265.001591,-315.383766,-314.334122,-195.652412,-262.857348,497.369198,7.716876,36.722678,82.511478,139.386699,149.228453,189.056134,132.077874,-326.660551,-311.691036,-169.713937,-106.923153,19.447980,-44.794508,-11.692675,-33.244780,20.954307,534.228602,414.885714,380.294912,459.637742,409.205306,393.609213,559.411358,-300.555961,-343.816676,-259.043287,-296.242416,-313.052048,-319.659826,-255.919832,-200.161153,974.983299,869.633070,901.607082,898.327846,984.839129,2.027197,13.929563,26.417827,80.243788,23.475533,64.562586,25.816792,778.142253,887.921333,801.599440,928.156740,340.665637,344.501327,365.207185,-155.577417,-163.434857,-67.543438,-214.554657,-169.769915,934.402958,358.590577,354.066996
