InstanceType,TaiBGenerator
InstanceSize,30
OverallRadius,1000
MaximumCluster,8
ClusterRadius,68.78741426
Tilt,0.1552709041
FlowBParam,5
FlowAParam,-4.12591215
XCoords,196.289556,181.426297,183.193626,154.476430,174.480796,159.913505,161.540517,-533.137024,-532.961883,-529.065429,-537.712487,-544.466064,258.922039,488.480191,495.762145,493.335572,454.022131,-338.384607,-321.341974,-322.838250,-286.420725,-266.037718,-311.163945,-347.845818,501.035849,468.145879,493.543178,504.017615,449.175525,475.130131,477.329647,466.162661
YCoords,-437.810970,-430.861355,-395.415364,-398.140284,-465.815888,-453.593003,-474.342577,-152.538925,-186.133243,-148.435851,-210.829534,-196.743071,-641.909448,-808.218250,-812.025029,-778.455302,-863.437185,-228.386507,-243.874549,-288.275809,-236.150109,-247.875391,-224.675571,-234.808379,-17.576156,-96.928823,-43.491149,-22.006617,-27.261208,-3.090816,-56.077408,-35.268805
