InstanceType,TaiBGenerator
InstanceSize,45
OverallRadius,1000
MaximumCluster,6
ClusterRadius,94.56032702
Tilt,0
FlowBParam,5
FlowAParam,-10.55532416
XCoords,74.909065,139.408544,94.339475,35.181485,87.156141,88.533589,101.766474,101.269812,107.157658,75.308996,109.925096,328.051744,293.814314,335.832840,329.550621,348.040225,324.147965,-353.358576,-267.374992,-416.780660,-271.563076,-330.744281,-42.557678,-89.983469,-73.945231,-27.864490,-441.264952,641.223861,568.728512,659.007072,652.302992,587.143374,615.084383,495.003137,469.176440,468.973579,342.567945,332.024845,386.470135,17.495865,33.831055,-80.786061,-19.980499,-173.264699,-143.789152
YCoords,282.343447,285.252087,369.732705,299.298621,344.323828,300.476111,581.656152,650.363659,652.637797,682.717928,689.425227,747.268198,748.904852,785.909685,686.155438,775.858230,725.827522,-199.135402,-336.258754,566.085889,225.981447,162.490136,207.985352,88.115448,147.474686,186.238576,-539.415993,606.499641,550.891589,514.754437,592.574442,563.390279,644.301098,783.836656,870.629055,871.387270,102.706290,6.472764,52.640787,-827.262246,-882.097513,-842.554026,-828.179743,-180.246707,-222.941518
