InstanceType,TaiBGenerator
InstanceSize,35
OverallRadius,1000
MaximumCluster,3
ClusterRadius,88.27101599
Tilt,0
FlowBParam,5
FlowAParam,-0.9347504353
XCoords,-17.916318,103.500542,117.175467,-106.606151,-69.657811,42.119881,-15.996389,4.845746,90.134835,105.227676,-112.479001,-266.643818,-794.159960,-762.638494,-736.992412,-653.264153,-724.618266,762.529170,834.394357,788.503012,146.194255,153.202081,226.914269,457.142372,378.031629,415.255184,56.700348,-1.784118,537.860688,559.779256,379.131403,418.019632,473.955007,-101.746870,36.350012
YCoords,452.350633,406.126588,469.896359,526.316734,563.264408,783.814431,755.891546,701.034137,849.821212,806.195521,51.919032,-305.728856,70.256470,64.997148,94.469815,24.226255,-25.362935,-2.251809,44.747580,-14.985819,-229.359952,-230.405366,-234.420965,238.869658,332.446551,282.355649,-384.811119,-424.608660,278.710773,239.915788,-127.272544,-167.714045,-79.718078,-252.182545,-185.519075
