InstanceType,TaiBGenerator
InstanceSize,60
OverallRadius,1000
MaximumCluster,5
ClusterRadius,67.08619679
Tilt,0.2118432467
FlowBParam,5
FlowAParam,-12.20587537
XCoords,33.535958,583.166567,578.928189,-227.176868,-226.097859,-129.576591,-97.691377,-103.416458,-104.168491,-324.799857,-316.609696,-353.130595,-333.185042,-350.108704,-512.997327,-154.092483,-475.047121,-505.045057,252.995845,243.701632,233.042326,256.191542,237.269794,74.351287,97.236692,-164.977322,-126.873627,-163.648432,-337.109754,-375.808497,-385.393578,-301.784777,428.562639,417.321673,397.091489,384.395184,-686.591761,-603.632186,-633.971530,-614.545865,-624.293473,-444.828354,-529.413285,-501.608963,-93.841954,-749.816045,130.526604,130.741751,-204.869891,-175.103940,-206.504504,105.173392,101.614941,92.326898,244.346102,248.026080,-0.762462,-41.553927,-705.971335,-658.361648,-698.834486
YCoords,-172.315162,-634.724033,-595.528510,651.935829,675.779810,625.828124,-64.543871,-72.561059,-125.854110,58.369395,49.806176,70.504756,58.003728,8.208360,-704.775696,-105.384055,-111.796964,-67.940762,403.775011,358.177487,392.947444,386.397067,403.946655,268.987740,247.426647,-354.696469,-349.005981,-383.970175,-393.797253,-387.091337,-374.356512,-381.940384,177.810279,111.792728,113.862156,70.477915,-290.965723,-332.281803,-334.693746,-271.083528,-329.580643,448.936612,-660.141000,-869.553335,-97.785751,184.385213,528.810887,-285.262868,-308.018457,-370.592313,-307.689216,224.960761,237.317159,267.013810,-84.263765,-84.416510,-101.067470,-57.498052,348.161831,325.284832,318.118855
