InstanceType,TaiBGenerator
InstanceSize,100
OverallRadius,1000
MaximumCluster,9
ClusterRadius,66.52360356
Tilt,0
FlowBParam,5
FlowAParam,-6.909931141
XCoords,-790.328732,-854.548296,-833.995667,-842.034607,-832.570692,73.716297,36.128441,40.024378,372.011539,381.726814,362.548586,-19.760813,-0.340509,-822.510401,-786.054704,-837.052989,-812.103830,-830.255147,962.629988,124.167746,156.876982,155.718633,181.213918,148.283485,106.438285,177.628555,141.340096,337.678389,289.597413,344.615712,347.242719,349.275730,414.657981,345.210964,296.031841,348.190906,821.893498,924.202952,823.336730,923.590323,823.453244,884.429165,815.786089,838.326669,822.337706,452.796934,452.876949,472.794520,411.886941,459.722894,433.428823,466.093409,399.625736,407.606282,336.786113,406.384371,336.981877,424.555168,383.080454,-165.672801,-234.860470,-150.853023,-203.571254,33.124805,-217.310322,-240.796622,-154.946384,-197.419037,-210.386061,-204.363035,-220.078365,-158.301262,-206.540018,-212.341255,-332.715308,-340.083442,-369.294317,-369.797616,-386.695785,-326.298442,-381.372473,-36.176188,-37.444573,495.835552,547.912913,545.056306,470.876490,495.350158,531.312485,530.930595,472.516364,542.466230,826.589889,858.211809,921.556526,901.140699,870.746955,889.729051,9.616758,29.285107,1.405399
YCoords,177.983536,167.018516,182.841635,185.512487,168.418190,27.056122,34.271425,-9.878255,104.672588,143.875536,109.610517,6.622105,18.940404,310.579899,351.902352,360.391687,364.561166,328.318525,54.269174,126.177222,70.402434,69.466371,38.470415,77.659732,54.796642,59.285619,85.833034,-325.437031,-255.525023,-278.599291,-277.621357,-278.534979,-289.640842,-273.609162,-308.601577,-279.222969,-313.031362,-248.583244,-310.697395,-265.627682,-240.816110,-292.525511,-242.404595,-289.541420,-291.141387,-212.691903,-208.235043,-270.376468,-203.707203,-206.603777,-261.882281,-201.470248,-422.035797,-507.973207,-511.396198,-520.750674,-513.573159,-450.425691,-460.017931,-60.042089,-71.635297,-119.159988,-82.904248,64.547742,228.549856,252.156476,185.632357,256.179316,101.905177,111.087099,125.540427,60.693151,151.786216,175.889673,-40.749593,-56.443512,-18.787651,-47.752687,0.096756,-64.240029,15.227838,-77.829914,-33.553154,695.858959,692.405193,722.146058,710.283704,695.393433,672.172640,662.557705,674.923681,652.519463,367.209322,413.069725,398.028634,401.231825,417.749828,405.305126,85.337892,72.787772,99.270974
