InstanceType,TaiBGenerator
InstanceSize,35
OverallRadius,1000
MaximumCluster,10
ClusterRadius,91.11744289
Tilt,0
FlowBParam,5
FlowAParam,-10.51707987
XCoords,151.830081,158.455845,148.321972,145.906873,720.822724,711.524361,689.304996,708.520242,622.743461,701.480117,676.454016,624.466845,614.133584,636.524544,633.692976,613.427681,684.916603,582.529374,574.061548,672.866393,560.060831,593.827623,604.601024,568.975705,541.562695,570.202484,453.199648,484.467655,566.397294,227.103959,241.334179,160.326532,235.170362,269.546306,213.898041,201.888859,316.421173,252.292989,168.035317
YCoords,708.198921,730.715025,652.740977,797.356441,-677.326988,-611.950191,-623.142600,-635.526210,-662.550387,-604.913800,-139.011453,-87.675731,-86.712440,-66.398802,-108.734463,-94.749715,-88.348977,-11.497536,-105.686236,-83.164201,134.769587,91.398819,137.644719,85.900630,112.667072,189.835181,140.584404,133.492242,103.347869,368.436677,360.856631,365.509275,360.177524,433.441259,313.656779,328.735582,404.433257,393.907405,385.630013
