InstanceType,TaiBGenerator
InstanceSize,40
OverallRadius,1000
MaximumCluster,5
ClusterRadius,62.66221716
Tilt,0
FlowBParam,5
FlowAParam,-14.06060584
XCoords,866.957779,860.607224,824.537821,255.997114,219.386335,235.517149,259.896394,917.497227,907.011312,299.164880,271.632929,66.877684,145.137848,91.518271,73.373169,246.874038,283.437669,-16.379420,-59.340914,-50.264346,-53.161098,-60.862070,-461.893495,-476.916209,-483.238666,-465.515848,-463.685281,265.352273,278.502741,246.369087,195.863196,-81.583637,-0.763176,-42.226189,-34.719989,-122.006072,-171.589008,-95.076157,-127.003033,-148.051080
YCoords,468.225560,452.632229,470.580236,-159.988280,-152.753225,-126.942752,-117.764701,-110.824202,-81.695545,-236.198043,-210.999166,349.050270,355.921024,348.594221,294.251873,455.614657,448.978876,648.802301,658.873282,661.391969,709.863985,665.769325,322.396432,294.891575,307.705249,314.199267,317.724778,-229.564201,-192.778019,-242.535153,-876.767637,-164.265965,-139.992496,-182.050280,-136.370872,390.041572,416.903773,386.625607,352.397644,414.896197
