InstanceType,TaiBGenerator
InstanceSize,90
OverallRadius,1000
MaximumCluster,8
ClusterRadius,82.80724725
Tilt,0.1379153095
FlowBParam,5
FlowAParam,-14.35729615
XCoords,361.598207,389.961804,816.755041,819.891828,853.142660,828.878512,826.072251,758.935946,832.620151,-92.011473,-77.493541,-125.275656,-49.193935,-88.446111,-172.410026,-39.551313,35.467692,46.090195,279.825444,-560.616403,-550.153297,-595.370776,-628.111429,-639.276442,-604.830300,-32.069827,-49.271087,-77.466167,-7.253272,-50.537735,5.653739,-389.365259,-466.959415,-435.154252,-415.381510,27.009215,55.459395,48.748101,1.160813,0.046275,-56.325860,39.434242,21.189460,636.297179,671.614078,709.431939,704.626988,759.675100,673.739453,720.463870,733.811794,32.540433,73.755529,32.745538,21.793157,22.243529,39.299772,-858.294345,-760.057129,-750.975384,-745.942052,-823.587402,-782.179220,-860.451572,9.804379,-7.666157,14.121798,-55.685769,50.417702,699.458136,706.142737,-537.588303,-436.887605,-442.616373,-470.100808,438.870276,410.199483,447.281059,433.467749,502.762039,474.987476,422.894501,421.182856,112.133546,116.492600,116.292105,121.616945,152.425631,21.072527,-1.046553,56.596580,-52.486998,72.611535,-3.216268
YCoords,-213.141285,-168.965754,-500.319852,-532.886587,-480.343751,-493.912590,-490.381967,-471.045223,-468.338566,252.395024,248.863119,193.387549,171.671952,200.219471,243.957755,263.108254,-72.083877,-33.485107,311.305235,-345.828489,-361.271473,521.492350,609.246370,578.252470,527.022366,-8.123569,-2.771007,10.459901,-35.741248,-9.269366,-12.623136,22.833405,119.759817,72.615006,101.446314,19.848859,84.238247,-31.187161,32.040214,-0.151918,35.939196,2.175129,43.690746,625.016998,676.850848,702.039248,577.093407,616.651762,707.114984,696.132228,618.357574,-885.514525,-851.840279,-877.839592,-797.527497,-938.194568,-866.697173,341.067912,337.334824,368.487586,353.565628,290.953920,383.819343,321.480096,37.955323,55.705139,98.701274,82.490330,55.483551,565.359967,619.029852,233.348379,261.428232,194.245134,204.106429,-22.636525,-84.111197,-50.527112,-58.401518,-73.146481,-9.450855,-39.032302,-5.339808,-170.903457,-250.746189,-266.186508,-210.638097,-231.705382,12.586287,-8.170312,4.919100,-4.302512,-20.979628,-12.463111
