InstanceType,TaiBGenerator
InstanceSize,50
OverallRadius,1000
MaximumCluster,24
ClusterRadius,38.55642726
Tilt,0.2338770732
FlowBParam,5
FlowAParam,-14.42060936
XCoords,338.332895,344.817042,355.809375,343.125030,370.482717,327.584371,356.303401,328.514630,321.881636,323.676521,346.514491,243.559700,206.895158,229.968963,215.528627,-42.780147,-73.905420,-43.123501,-62.505184,-59.829213,641.168371,605.718231,601.513532,593.753030,619.808584,620.376432,627.193951,618.953238,632.465279,631.035387,613.987062,607.578749,648.835553,633.065385,617.612194,593.725557,655.565093,610.846385,181.469805,179.932728,197.911141,201.566467,187.735387,211.740883,212.164527,218.199304,183.169691,196.232531,-199.473945,-239.031448,-205.859555,-198.051257,-204.630365,-199.774413,-179.277252,-194.430916,-199.128062,-172.295942,-232.463171,-237.256738,-218.977912,-217.408401
YCoords,-146.669658,-150.195862,-154.538861,-176.977380,-128.133250,-156.353213,-140.285615,-156.656185,-123.830419,-140.910004,-146.188837,491.903969,484.755193,493.170395,459.168364,859.518459,898.429143,875.454880,875.639530,868.586195,163.737921,219.012627,196.104839,176.488190,189.271541,182.630574,173.507482,190.133910,206.526963,181.527777,189.920902,191.076002,216.052661,173.397362,193.012323,203.985193,188.723442,226.901534,204.540072,202.512048,177.690022,187.450554,214.417445,144.612144,156.585038,178.133234,178.783591,176.714807,-957.395513,-979.055851,-982.925691,-970.127816,-987.213884,-957.781408,-964.687952,-991.304434,-966.003404,-975.925130,-958.204706,-979.082332,-967.156098,-938.068201
