InstanceType,TaiBGenerator
InstanceSize,55
OverallRadius,1000
MaximumCluster,9
ClusterRadius,60.80034439
Tilt,0
FlowBParam,5
FlowAParam,-9.327118835
XCoords,212.576696,211.607530,180.335333,190.378207,241.634696,647.244266,728.980581,211.820338,203.208918,178.208377,-117.837812,-153.354102,-181.863275,-147.590362,-273.216935,-264.308111,-195.406667,-229.840591,-256.219986,-48.618448,-13.778448,202.298774,222.100483,271.061725,242.150037,233.819420,226.300086,224.707233,267.698633,241.896606,-441.468519,-425.384883,-404.420762,-480.755712,-408.715728,-392.527833,-432.628394,910.822287,901.566283,896.532710,909.581518,913.810474,916.646047,890.096673,38.244903,-719.781844,-711.903069,-695.492040,-682.865855,-656.407013,-710.773716,-671.830063,-691.459573,-576.380082,487.819741,467.737441,440.728407
YCoords,151.206318,189.175505,156.773017,178.514350,108.526596,-54.678123,-46.867518,-493.403408,-504.501330,-455.406120,-196.713187,-174.371419,-144.845694,-115.503732,-833.115483,-823.348984,-859.949365,-829.811121,-794.774648,-236.432223,-179.392775,106.214097,195.298222,103.229126,84.400067,141.626242,102.091036,162.636316,131.646542,155.106991,804.274237,821.898897,826.824780,784.828210,815.068787,793.565209,817.066810,311.916877,272.867105,287.073640,338.692003,273.779505,259.940434,300.190827,58.116425,-614.335210,-595.918844,-648.264640,-583.091614,-632.004881,-625.139706,-597.894084,-649.280009,602.467377,14.633422,61.559166,54.982031
