InstanceType,TaiBGenerator
InstanceSize,65
OverallRadius,1000
MaximumCluster,6
ClusterRadius,82.81272556
Tilt,0.2459472136
FlowBParam,5
FlowAParam,-5.771180055
XCoords,-55.154996,-45.213673,-36.725897,-54.044886,-42.023557,-110.148846,-525.279827,-583.287798,-496.817588,-541.016825,219.496408,332.689205,239.836215,317.337020,273.128417,337.385018,104.446102,130.601237,110.465050,108.415826,177.687317,155.482884,48.193513,55.964528,-516.931908,-538.516566,-531.382285,-566.312341,271.167795,241.852891,288.195586,538.018493,583.963307,580.669750,634.952709,537.477061,571.732267,34.716491,114.410339,67.757278,111.117598,714.616496,633.849613,742.137175,-468.404132,-506.761358,-484.181609,-492.917191,-459.090174,-548.982052,-241.517495,-242.119611,707.990344,729.599774,740.586410,-359.038038,-359.234327,-386.259346,-426.542452,-398.401483,222.842449,255.563265,229.887466,223.843296,-388.432911,-303.565167,-394.313086,-269.023198,-262.628329
YCoords,-455.025387,-404.247322,-422.117619,-433.115395,-447.371141,-458.256561,-781.100186,-746.482044,-793.026645,-766.039967,-191.797597,-160.729079,-121.821040,-201.484768,-122.709164,-160.870391,-572.914009,-585.387866,657.636287,675.600759,745.737425,709.653910,-360.729910,-494.616872,417.195847,484.137894,472.749019,429.114395,-103.817148,-156.882420,-215.342770,-466.178430,-447.095935,-463.119487,-508.214357,-469.923053,-453.925715,317.878091,306.297078,374.057979,283.936081,-281.584979,-323.352351,-305.582303,-5.485211,67.086946,9.583951,23.350303,-30.262775,47.800604,-64.672573,-129.980373,702.836015,702.644220,655.504438,-177.888842,-222.572735,-196.130369,-139.967615,-99.384430,-277.257834,-245.786642,-251.054439,-262.450742,-966.294795,-924.609506,-926.026382,-905.885051,-888.708969
