InstanceType,TaiBGenerator
InstanceSize,90
OverallRadius,1000
MaximumCluster,13
ClusterRadius,57.8272564
Tilt,0
FlowBParam,5
FlowAParam,-7.728314493
XCoords,60.540204,42.192870,62.756821,10.058627,11.388299,21.312729,27.405493,27.878472,15.838287,17.398697,58.088579,15.717808,17.773613,-267.997994,-312.331222,990.002583,987.425502,963.606922,943.215847,965.424274,980.097956,954.006003,957.932483,979.639248,982.031764,1007.809542,957.060290,977.349156,-3.997433,11.432941,3.160381,-20.325327,14.060430,13.799026,2.750423,35.461340,-13.804590,18.808176,28.906835,-15.429050,39.352622,10.639826,45.505003,27.906981,54.896071,-2.017103,6.783952,25.005786,68.846291,27.383101,16.016034,53.913949,20.690784,-28.492750,409.809439,423.600410,409.311478,382.043806,433.492822,404.024142,362.416677,412.451175,383.468768,755.480275,748.670328,737.304465,744.495183,715.864813,712.710781,755.909186,752.022574,732.369200,727.056387,762.390394,747.713276,-696.443483,-739.239067,-786.623620,-743.493479,-727.021974,-733.335740,-776.443724,-723.781420,55.378446,44.280787,-14.385231,18.342863,38.315278,3.024197,41.788436,11.380959
YCoords,108.802707,45.387339,70.920251,38.629673,105.412781,106.509620,144.214608,88.769307,91.094936,82.021023,94.619831,73.164928,73.401012,667.764372,739.906095,126.497753,125.232258,128.202025,78.261386,48.937997,124.489253,67.050898,126.290532,86.078342,117.197389,67.008191,69.441058,103.135093,-16.311804,18.955343,23.665256,54.454507,24.745003,-24.477191,12.519914,-9.602253,-19.110947,3.998544,-737.163616,-786.140922,-775.890198,-19.187028,-17.891047,-12.374288,-14.220028,-25.737418,-29.868911,-42.848354,-17.501969,-40.702352,-20.080559,-34.290544,-17.597821,2.120417,-111.267593,-150.726895,-133.907306,-131.818950,-129.685412,-137.517760,-126.271641,-102.367776,-87.854605,82.902160,9.044690,62.029694,31.786600,86.890185,94.143339,31.494710,51.265731,73.953299,33.191843,20.080619,15.713280,-337.008486,-360.155071,-362.917279,-349.645575,-322.258368,-369.868081,-360.424533,-337.684159,2.326257,-37.392880,0.240025,-25.516874,-12.042582,-1.739040,16.961776,2.732029
