InstanceType,TaiBGenerator
InstanceSize,85
OverallRadius,1000
MaximumCluster,6
ClusterRadius,94.13650878
Tilt,0
FlowBParam,5
FlowAParam,-0.9165975707
XCoords,-343.203362,-374.933782,-316.642646,-434.973232,-337.779161,4.565260,-9.937370,-16.962262,-13.646217,16.116109,-52.850069,-74.332233,-81.903199,-152.539953,-417.284122,-350.171174,-415.057842,-407.424214,-394.622675,-457.377552,865.890243,909.444617,942.475127,922.513779,901.266392,-457.851860,-566.886381,513.254233,419.438805,435.183950,18.413399,-4.346620,26.552107,58.087269,49.472766,18.604126,461.866184,313.172896,255.787248,321.118716,-37.156840,-69.832128,188.662296,151.062308,202.460644,171.981055,-276.589062,-344.090741,-218.562648,-291.477621,-292.725876,-712.150419,96.948356,163.100153,146.291644,80.033644,146.280297,161.871237,198.574543,163.588283,159.633268,77.905723,124.099359,147.525506,90.988407,80.079902,70.874113,751.927152,789.423905,742.488554,-698.363756,893.490471,943.982670,825.283387,911.706169,956.404327,789.904688,771.589803,-185.689703,-72.425536,-104.540464,312.742114,358.384058,-430.301168,131.742299,120.789389,107.637778,133.723360,129.880341,92.225969
YCoords,387.905506,472.630949,376.439275,418.314702,354.518683,-470.688840,-541.277166,-384.062689,-456.395026,-490.146063,-357.651248,-383.317185,-360.421236,-319.572931,-750.760684,-757.857462,-696.965892,-845.859654,-820.616277,-731.142369,351.594592,402.267864,452.354547,478.071424,396.850136,76.563900,10.381991,-292.746182,-272.277376,-360.557186,10.859849,6.499596,82.616207,-78.656869,54.702239,52.200426,-95.436854,-734.171820,-734.674816,-713.889885,-1.912502,-29.848496,-479.899891,-494.586038,-560.423539,-512.546922,32.995552,0.751732,34.069960,58.940306,26.202922,-270.232175,-33.318729,58.831531,54.135831,56.295947,25.527127,2.350513,-909.181906,-947.533945,-971.840094,-899.690897,-847.969461,92.957614,-13.595582,-6.142007,52.290062,150.589943,97.088122,94.530060,676.006235,257.564737,228.040164,183.419968,249.758257,285.451947,-89.334227,-192.468132,721.812157,711.545730,636.110927,-308.469104,-337.034715,894.353557,79.337370,-12.944429,50.700160,-29.894943,-69.952151,67.620430
