InstanceType,TaiBGenerator
InstanceSize,60
OverallRadius,1000
MaximumCluster,19
ClusterRadius,72.39472242
Tilt,0
FlowBParam,5
FlowAParam,-7.517553719
XCoords,-111.833784,-171.711052,-124.193810,-124.149588,-68.991488,-141.426664,-110.708119,-150.498481,-317.438740,-368.630971,-333.668772,-404.906819,-377.251414,-370.506217,-422.846445,-386.949834,-350.761450,-357.461564,-351.800760,-333.132576,-380.366107,-360.244741,-389.437484,-347.771575,-372.853199,92.916328,44.966106,99.801641,56.744889,109.062405,62.382624,81.473210,72.725785,61.003567,92.191109,77.255145,40.158602,87.968562,-114.821528,-108.811709,-124.580111,-77.557914,-167.931270,-104.970918,-696.173210,-695.845131,-690.255697,-742.660079,-731.961044,-723.870735,-639.650250,-682.053538,-681.254847,-699.046346,-686.328578,-708.390338,111.052436,128.972260,76.947520,104.977184,54.786040,159.162872
YCoords,71.501746,22.490136,5.647875,22.639496,17.779302,11.062631,4.774208,-14.907523,-597.178714,-641.741260,-621.121384,-674.551208,-630.439722,-696.945857,-623.813955,-630.740897,435.346795,437.566142,447.597221,510.290566,477.695134,424.082480,471.178810,453.826270,444.677431,-65.455640,-107.288140,-104.554218,-108.644425,-72.356229,-103.472452,-98.724213,-100.560682,-93.413459,-36.144129,-67.068970,-55.915503,-147.712574,-253.529397,-213.699172,-248.374049,-304.779288,-300.263140,-255.589884,-405.575414,-354.504544,-442.601284,-443.819080,-409.081113,-416.760571,-438.485650,-396.570506,-423.392746,-429.211646,-406.648284,-347.171381,-580.256960,-625.999638,-585.600398,-597.064334,-557.338144,-621.824593
