InstanceType,TaiBGenerator
InstanceSize,50
OverallRadius,1000
MaximumCluster,10
ClusterRadius,69.04508276
Tilt,0
FlowBParam,5
FlowAParam,-6.210840439
XCoords,-379.654065,-351.283222,-358.092479,-331.950270,-353.836296,-373.437111,-432.603386,-372.481443,200.521975,144.525784,191.352744,259.218819,217.052543,-2.357804,-74.986667,-36.014123,-66.554164,-71.325669,-28.878404,-36.605463,-30.011824,-58.479728,-38.887233,494.765726,504.869450,497.352460,489.994084,537.413187,-107.511209,-178.299154,-148.875622,-104.490622,-121.547028,-113.682811,-138.697919,-82.631448,209.538118,154.508430,133.155081,127.575969,193.637097,159.238672,257.311917,311.192276,361.915823,297.138752,292.201178,318.866228,-61.697916,-101.949202,-62.635093,-73.860100,-50.809291,-146.661929
YCoords,699.592572,649.552069,645.931726,737.394828,688.458718,698.013758,706.810480,658.878583,-935.223412,-924.005515,-944.526639,-966.657127,-997.493140,557.979037,557.764606,624.688152,609.214370,552.391902,585.283584,557.897097,566.186678,573.716706,574.976234,862.360330,843.589456,835.810736,808.499237,861.776146,-43.087696,-19.198455,7.396685,-41.463790,-35.068255,-54.655191,-92.051859,-36.488571,225.111948,267.135408,224.131207,230.409850,252.508772,213.173700,-98.096755,-102.631524,-170.199405,-101.503721,-149.691080,-141.798477,-89.059672,-55.652376,-53.786190,-81.132165,-17.410350,-63.073242
