InstanceType,TaiBGenerator
InstanceSize,30
OverallRadius,1000
MaximumCluster,3
ClusterRadius,28.05597977
Tilt,0
FlowBParam,5
FlowAParam,-7.82208591
XCoords,-533.724143,-548.978455,-534.660789,-158.680693,-268.651141,-286.246011,-263.049501,-16.393709,-9.713157,-24.306005,581.882101,604.986862,-313.094415,-314.519995,-313.880007,-54.210015,-81.176719,-78.895727,841.953634,270.445426,293.583370,-276.107349,-282.367629,-191.401084,-593.217819,-72.903209,646.715715,681.399384,209.435287,-244.690992
YCoords,198.037837,214.171975,186.911750,-495.623888,254.915666,258.629300,268.010081,-151.215663,-115.832843,-127.879612,-127.798061,-113.932802,-503.101725,-499.845077,-505.695524,-102.097279,-89.402751,-87.338298,-407.479312,790.068385,783.831362,-574.262180,-584.734769,-266.526732,30.480869,842.177814,-719.019427,-732.596494,-58.702684,-60.638090
