InstanceType,TaiBGenerator
InstanceSize,40
OverallRadius,1000
MaximumCluster,5
ClusterRadius,64.62321484
Tilt,0.1481131482
FlowBParam,5
FlowAParam,-12.70485123
XCoords,51.254265,112.354460,73.370465,75.570249,86.209092,-85.310865,-80.171413,0.080293,-411.705642,-363.771560,-352.036516,-392.588190,-383.468978,-199.636937,-199.607131,-137.419292,-189.932868,-959.302369,-999.648472,-995.595111,-955.861102,-949.851171,316.786962,378.648824,283.425143,349.088243,282.868252,-509.812714,618.341340,466.302982,410.899167,38.436833,-422.041735,175.618435,146.052454,10.872219,117.540859,75.652325,131.055003,106.680120
YCoords,17.518835,72.797045,63.291364,29.917433,39.395273,-90.497331,-63.208980,-85.863604,460.102657,421.185859,480.462081,433.245719,449.067430,731.948812,808.404869,783.900804,781.432517,208.957042,141.221055,171.114590,97.499209,154.946852,275.141028,265.697495,260.759007,303.806711,322.572304,427.629187,672.145497,362.511686,353.649579,98.042880,-537.351216,498.929449,528.100443,43.213055,41.583139,13.381403,23.792406,2.247890
