InstanceType,TaiBGenerator
InstanceSize,95
OverallRadius,1000
MaximumCluster,26
ClusterRadius,67.18335475
Tilt,0.2979565981
FlowBParam,5
FlowAParam,-13.30935561
XCoords,-209.860100,-192.741564,-219.921500,-165.421683,-189.459905,-180.910417,-155.875082,-182.692996,-187.786297,-206.391833,-250.304437,-243.049328,-211.720812,-241.279248,-522.885613,-550.733959,-574.359853,-552.875394,-558.541056,-553.330792,-553.457118,-539.368455,-538.047824,-552.400575,-551.411756,-516.319938,-542.965158,-540.583624,-202.709105,-199.964170,-150.172995,-219.472560,-187.262442,538.253877,568.827142,601.576380,549.705939,610.423685,560.720861,576.222985,542.542024,614.630709,552.643288,588.872305,569.845830,522.792010,566.421941,604.589492,592.881519,624.807549,584.065661,594.952258,567.163288,571.820707,529.730640,580.330348,562.770827,237.152806,246.023087,-92.625640,-71.965184,-65.213224,-92.327686,-90.925621,107.776961,132.377611,109.683368,96.398490,129.260973,70.807265,85.158926,108.218209,114.144922,101.887065,105.048753,69.696373,156.153914,103.479415,107.872129,56.683142,56.285990,162.361016,113.689048,97.837055,90.079563,-489.472592,-454.277507,-449.719263,-393.570230,-445.446071,-449.919459,-468.717730,-444.904410,-478.671666,-461.481401,-450.410371,-476.571049
YCoords,304.203518,336.407266,348.569044,290.913479,360.993818,332.765058,334.146117,314.563065,266.640382,353.725619,262.251849,318.270087,346.643369,310.746975,657.624733,706.754385,675.257583,710.635534,665.310608,703.305167,692.326681,695.938902,669.495912,728.923950,709.791684,740.660859,701.467693,714.371628,230.333216,236.960343,265.651992,280.398093,228.075637,-60.357862,-92.807675,-106.935406,-149.029513,-111.097955,-76.642206,-125.370682,-73.171347,-94.726860,-45.221457,-128.921581,-106.066981,-119.712065,-141.083614,-39.703229,-41.779295,-52.040610,-75.272705,-75.420625,-98.432447,-94.515195,-111.537534,-109.588122,-50.788708,77.477573,104.225886,260.853448,263.986448,226.443634,210.759918,245.650272,86.263658,70.395236,71.288811,89.141205,107.159633,58.487891,119.136471,86.447001,85.861030,107.424169,90.755282,119.301915,110.906206,83.319379,86.589634,112.199081,54.165972,104.344391,90.186356,96.746287,80.258948,380.764216,315.326612,332.690286,333.716397,353.705214,329.234967,358.263803,342.042644,361.454552,308.084952,328.320868,310.635095
