InstanceType,TaiBGenerator
InstanceSize,45
OverallRadius,1000
MaximumCluster,8
ClusterRadius,82.29451186
Tilt,0.2519537004
FlowBParam,5
FlowAParam,-1.56308951
XCoords,104.516614,110.741190,7.770067,113.941663,34.514547,66.066960,64.429580,63.724083,-425.119221,-455.798530,-449.708206,-352.421954,-469.852169,-418.797670,-46.165023,-85.797413,-96.187814,-127.789902,-97.771829,-123.583012,-94.126508,-607.129852,-586.913878,-674.061447,-622.227293,-652.147059,-628.050886,-623.338731,-640.884330,-244.180957,-274.882316,-223.246636,626.312796,652.014408,635.250262,15.044651,-16.793183,4.030070,479.897358,491.417164,519.900558,512.040606,438.958563,495.083951,542.378865,551.736606
YCoords,-83.120160,-44.528362,-109.225488,-94.569207,-43.880813,-48.187095,-61.320057,-45.623802,121.126035,84.194201,16.037951,41.286656,18.185939,32.781843,509.484398,527.445240,408.106690,480.070339,484.888364,466.785738,454.660062,122.372153,167.095830,221.145662,179.163321,139.967390,170.204196,166.590874,125.312089,-266.536288,-253.051583,-254.274436,-118.384161,-179.865185,-132.939133,-115.759802,-125.107359,-96.289685,284.651201,319.799401,305.488546,321.399497,314.317642,327.664695,362.574747,264.961886
