InstanceType,TaiBGenerator
InstanceSize,45
OverallRadius,1000
MaximumCluster,5
ClusterRadius,40.25312519
Tilt,0
FlowBParam,5
FlowAParam,-10.33930856
XCoords,-330.560015,-339.575412,-196.338715,-226.173290,-228.128918,-190.775982,-221.131958,-88.274016,-124.067088,188.128371,261.978150,230.034917,252.617695,204.088684,227.784909,-207.999820,-205.112773,-955.773834,-912.080869,-935.187389,-902.694888,-932.627286,11.511616,-3.033731,11.640483,20.501563,-84.428921,-61.958932,-36.036364,1.819441,-40.930020,-23.233239,-145.520845,360.128750,360.319958,359.167882,-15.879209,-29.777240,-13.681564,11.747803,-40.232600,-140.440685,-116.019733,-155.188118,-123.061262
YCoords,-514.176045,-490.524031,-94.240582,-97.072993,-108.127825,-97.160465,-118.257402,543.256716,506.038563,257.346575,-693.370776,-670.565352,-690.712578,-719.425677,-725.812423,712.880622,733.154663,0.911340,-10.119955,-9.319389,-15.015520,-9.808367,-921.681278,-910.871323,-928.638262,-955.760668,-197.519526,-200.233970,25.609415,-15.896680,9.398840,5.790779,-509.689703,256.483334,252.593320,252.334073,776.306884,747.869428,785.674294,770.063047,764.442532,105.598731,113.800597,112.423663,108.208796
