InstanceType,TaiBGenerator
InstanceSize,60
OverallRadius,1000
MaximumCluster,5
ClusterRadius,19.15456964
Tilt,0
FlowBParam,5
FlowAParam,-1.639033482
XCoords,-103.402757,-104.920493,-103.979320,-98.944227,-56.369527,-684.399972,-678.013863,52.975331,57.545804,43.255933,403.446834,-846.268758,-852.198518,-863.113366,-837.439027,-848.855154,962.808578,957.100899,953.792062,-351.136011,-355.530586,-359.308997,-357.485947,-361.406076,196.698063,190.209007,204.067277,201.421611,198.835934,717.847567,730.746160,732.292107,726.615075,-675.754030,-669.242050,-328.855045,-324.848906,-323.714133,-231.615594,-215.806432,-221.153495,95.429129,101.051596,-461.662019,-459.571486,-451.893028,-471.545724,-462.968981,-221.810156,-209.027195,-216.121139,577.343162,567.229042,-543.396907,-553.947583,-554.938718,-549.508962,985.471020,977.084131,984.177869
YCoords,-6.474021,-7.766921,-15.893491,-15.646696,168.648916,-214.551083,-218.728358,463.188239,454.067444,465.106427,285.473280,-21.516078,-36.800458,-30.830265,-35.003316,-14.549766,69.850461,74.133542,68.850480,932.672581,924.244506,925.279462,928.868013,927.825562,-106.785041,-96.694482,-105.288948,-91.220559,-105.397843,454.033163,441.881362,443.623537,445.896675,-234.594798,-243.182158,-842.314606,-835.608320,-815.887646,296.078881,294.512344,294.530661,-919.946871,-911.281829,253.549084,235.410873,251.959519,252.453544,261.137771,189.615164,189.531512,180.975804,687.164052,681.824210,-540.730937,-546.429832,-548.855620,-533.984714,-114.354131,-111.585544,-112.738610
