InstanceType,TaiBGenerator
InstanceSize,90
OverallRadius,1000
MaximumCluster,19
ClusterRadius,10.62954374
Tilt,0
FlowBParam,5
FlowAParam,-11.96420021
XCoords,511.535527,510.262857,517.841363,509.004381,518.085501,511.750378,518.677900,510.858983,512.785698,512.628366,212.717070,224.220463,223.244979,215.663177,216.117190,222.527336,218.589997,212.514561,215.902492,207.941794,210.656510,222.317635,214.037729,212.845966,216.889236,223.395867,45.935426,44.471715,50.446412,47.192230,47.234853,48.216595,46.049205,38.323166,44.679580,47.310569,47.673033,46.272446,49.122000,46.758218,45.020919,46.684731,233.215822,228.146508,230.820384,229.424649,227.575934,233.280747,228.538252,230.583226,240.299980,233.352985,232.150312,232.813339,233.131043,232.374026,223.644357,238.931385,231.811757,-169.896999,-190.074917,-182.121748,-178.961299,-171.943771,-174.391192,-178.270527,-178.958526,-181.988395,-177.946144,152.846668,156.627871,160.437274,163.714969,157.957413,163.173344,159.589120,-49.472756,-43.680307,-50.748881,-41.731662,-53.039320,-49.333935,-46.671077,-56.544212,-47.706576,-149.980986,-146.015169,-145.605809,-145.753374,-157.309364,-161.146612,-147.918571,-151.046107,-156.198894,-158.049208,-147.744573,-151.164722,-154.597499
YCoords,336.463256,337.615493,343.156467,337.639845,346.914245,339.685697,333.915132,342.465471,342.102929,339.910764,-277.870988,-281.978498,-284.647691,-280.647000,-280.838131,-284.744346,-283.985156,-287.317223,-282.895530,-284.727081,-281.882507,-278.437843,-276.550709,-287.182941,-272.662924,-281.206637,-510.028560,-527.983550,-523.434558,-516.812050,-524.269928,-519.837617,-519.831285,-517.797155,-522.688555,-519.338565,-520.302645,-518.477026,-523.673897,-519.921468,-520.315341,-515.540787,-234.201924,-238.084424,-242.646546,-247.160319,-250.194560,-247.371158,-239.567760,-251.817515,-245.332111,-247.116798,-243.054264,-244.052116,-240.905403,-243.555952,-245.708405,-240.722811,-247.475211,-225.753724,-230.216985,-219.519594,-228.801606,-232.054376,-227.233729,-225.712160,-228.105342,-229.464722,-224.634163,-901.643431,-896.145378,-885.824769,-894.104295,-890.291827,-902.695711,-891.653283,157.640790,159.154829,151.372919,150.407122,155.142355,156.590951,162.345048,156.879154,156.711594,616.092089,619.416412,613.825158,616.896724,616.760534,620.465475,613.846712,616.255132,615.881447,614.586576,624.475540,616.297450,617.528324
