InstanceType,TaiBGenerator
InstanceSize,50
OverallRadius,1000
MaximumCluster,5
ClusterRadius,53.39746137
Tilt,0
FlowBParam,5
FlowAParam,-1.013774386
XCoords,-679.849724,-679.075354,-747.865429,-713.348835,-691.279839,-693.480150,-692.522463,-680.803912,-704.292362,890.732622,905.164019,892.248955,904.417270,274.465702,290.146136,326.906198,315.983778,10.532257,-2.920575,37.509445,-0.973558,5.480105,203.374701,161.712512,209.461747,-307.747025,-336.727564,-297.946034,-421.186409,-400.843659,-419.292914,-420.283558,-459.641310,-215.825458,-220.503524,-218.068943,-350.605575,-391.726370,-665.993129,-689.711543,-685.850578,-660.667200,-685.484088,3.187970,6.127009,-106.970396,-431.664523,72.132214,77.537806,108.062896
YCoords,656.155338,674.929205,640.638415,676.627317,144.107191,127.199880,143.751307,148.647915,158.885447,266.074434,223.781539,229.653177,223.731587,-129.940626,-74.527605,-77.028918,-93.394197,-3.534867,-8.491280,-36.460799,-5.167173,-1.047510,459.603760,454.031225,522.351942,-115.859798,-128.486568,-163.152596,388.473974,366.702298,393.567450,389.730949,386.765909,-103.851543,-75.988328,-92.195582,-465.751937,-438.559906,444.438690,471.169188,459.788326,453.202295,438.080235,-12.318158,-42.400870,-118.027214,703.176015,-17.492331,-45.904958,-15.278913
