InstanceType,TaiBGenerator
InstanceSize,85
OverallRadius,1000
MaximumCluster,33
ClusterRadius,36.51052569
Tilt,0
FlowBParam,5
FlowAParam,-13.85920109
XCoords,-268.777035,-244.037200,-236.011951,-282.798697,-231.832825,-249.049914,-257.779832,-230.522874,212.923289,200.840870,208.780156,225.057952,-399.568207,-365.191961,-397.606009,-391.204244,-381.771936,-400.310654,-397.485052,-400.920375,-387.002121,-401.798366,-405.326347,-427.658629,-393.971671,-368.538708,-395.106759,-381.953223,-367.261655,-412.983908,-395.936021,-412.763497,-407.211666,629.674119,642.155160,627.855294,630.998838,663.614578,633.208785,607.001962,630.038404,630.296281,642.289663,612.137586,631.364560,639.556040,642.009664,652.506838,637.822215,600.235107,652.606422,635.362123,612.107334,634.730011,647.767921,636.889552,655.026553,656.725265,647.428756,590.402044,566.797608,555.826903,566.871713,547.280834,590.057686,571.254393,559.164263,525.948172,532.680910,530.454371,550.894778,582.165401,559.966198,555.338617,590.652320,567.734963,561.313029,540.275232,567.621996,566.440840,559.382542,569.400460,538.851909,552.129486,543.689328,527.395523,556.703223
YCoords,188.231809,206.907065,206.630322,194.092713,197.109252,172.074217,179.243408,184.365751,934.756242,953.403874,977.519241,929.534195,318.065814,309.673939,333.242379,322.874262,325.675605,304.981205,316.252300,327.753951,346.926247,317.998550,290.891566,316.371305,323.267549,317.835722,321.396491,300.519855,326.934196,303.938638,319.354865,313.970330,349.300089,273.846341,249.361975,259.065115,294.374570,279.799721,292.905561,267.527250,262.429957,265.503593,260.021221,240.662409,269.970156,270.582930,273.312984,252.349552,268.764881,273.688619,273.192933,265.910721,265.679724,268.835007,254.452065,268.885940,288.078322,257.235004,254.041092,-141.805839,-160.522813,-126.587347,-132.683286,-143.491783,-114.711868,-118.980284,-133.564453,-132.243253,-150.990024,-132.585885,-123.120762,-134.819326,-130.842624,-114.372415,-124.021476,-106.039269,-136.241719,-110.398710,-136.393074,-139.972848,-122.967907,-122.874317,-150.594582,-762.767321,-771.905859,-755.923156,-777.639070
