InstanceType,TaiBGenerator
InstanceSize,70
OverallRadius,1000
MaximumCluster,16
ClusterRadius,10.17628796
Tilt,0
FlowBParam,5
FlowAParam,-12.47018029
XCoords,-0.849410,5.866711,9.824484,6.723222,7.616453,-4.325007,-788.820130,10.276826,21.882033,10.363203,11.769034,5.060497,17.818392,1.094022,-2.903652,-5.268199,0.879374,1.402497,-1.472032,-3.398061,-0.764946,-0.564219,4.098754,-3.522189,7.001083,-8.014377,-20.413623,-22.221213,-11.377137,-15.672010,-17.456475,-16.287274,-16.283437,-13.840651,-14.895467,-17.794986,-10.645529,-18.148137,-7.999112,-11.714502,-551.354188,-545.705430,-552.777429,-555.456736,-547.476432,-552.432087,-559.738936,-549.352758,-549.089871,-559.405523,-554.417492,-554.684422,-551.989353,-173.996867,-172.811748,-172.650889,-176.334072,-180.952557,-174.970293,-175.360991,-179.875303,-168.999353,-177.908496,-178.994246,-169.813351,-173.268182,261.071298,276.957431,270.931894,269.060150,269.320198,266.362550,268.987746,267.812236,266.214116,271.992309,267.303711,264.964429,268.644789,268.511076,269.950618
YCoords,-1.143686,2.147748,0.487358,-2.873006,-7.286268,-7.545843,173.864452,3.101001,0.611939,0.284448,-4.915275,-3.006748,5.662285,88.993985,85.632514,84.523778,87.427058,92.746779,88.439458,84.284987,82.342884,92.908953,89.870482,86.789779,89.238444,82.443668,383.070405,382.024451,383.751044,389.935585,387.707906,388.224306,388.287314,398.154713,388.564621,390.769510,390.635052,387.249716,389.510102,379.415964,395.638405,395.347296,390.588824,380.849746,387.764192,384.891866,392.368428,392.141908,397.220028,394.168997,379.549508,389.649451,388.863082,-38.792203,-38.980768,-38.822245,-39.395473,-42.413074,-40.667205,-42.831094,-34.201223,-44.970108,-43.612583,-45.417717,-35.149293,-38.569704,92.389619,90.127549,87.736081,93.203401,90.630059,94.598466,89.663082,89.587889,89.182798,87.130961,89.033957,86.394142,87.371741,91.120051,89.708758
