InstanceType,TaiBGenerator
InstanceSize,30
OverallRadius,1000
MaximumCluster,4
ClusterRadius,99.59318341
Tilt,0
FlowBParam,5
FlowAParam,-12.61936817
XCoords,701.259573,661.762669,25.115802,169.968781,118.689943,219.165722,49.152357,42.872138,-27.310214,6.657559,-13.588387,36.628081,-77.058108,81.033276,74.828178,189.568865,-662.064352,-660.380526,-220.176215,-186.232649,-914.681628,-19.176420,-61.211877,-49.642434,-85.039919,160.367184,200.086904,142.639067,291.807784,766.161301,702.556561,649.169003,685.178437
YCoords,300.797845,391.619426,-22.004421,-163.170921,-275.226860,-194.810762,-204.908511,-245.358479,-200.214218,120.846323,86.259111,14.576749,66.556848,-6.258618,30.125266,-143.525276,-711.463281,-652.678516,-163.036792,-141.069350,368.031908,-148.592869,-200.681179,-218.419294,-275.751915,-314.364773,-374.790044,-323.333779,-356.477252,540.755959,540.826774,579.145757,542.641211
