InstanceType,TaiBGenerator
InstanceSize,35
OverallRadius,1000
MaximumCluster,5
ClusterRadius,95.46784991
Tilt,0.1849538232
FlowBParam,5
FlowAParam,-7.358753756
XCoords,852.625647,851.916991,889.543266,876.922511,-137.362112,-801.646989,-792.370688,-770.847565,-114.666197,440.503261,399.783769,-225.831502,-231.793526,-159.437437,-249.288900,-201.109218,-193.082989,-203.844142,631.534269,639.325431,629.974349,620.685423,591.697844,253.519553,193.506496,203.267053,137.520825,-456.610723,115.237449,258.719948,272.199261,250.476262,227.099462,189.815921,-61.509924,-65.707739
YCoords,481.630771,340.933820,441.949278,339.558140,216.930856,439.855807,451.002126,441.426005,200.725510,-804.551521,-740.896600,-745.527991,-653.526100,461.690347,382.922770,372.127442,451.426062,434.856497,-35.252096,49.785996,-41.228867,-33.552502,-44.682690,445.031638,379.122961,404.883581,432.300956,699.058657,136.598250,-462.227997,-448.507393,-532.003384,-460.114267,-417.498124,-264.985182,-230.973360
