InstanceType,TaiBGenerator
InstanceSize,95
OverallRadius,1000
MaximumCluster,11
ClusterRadius,36.04082982
Tilt,0.2634007328
FlowBParam,5
FlowAParam,-13.57414805
XCoords,294.087976,304.490637,279.854486,258.123807,273.618089,271.536550,311.929846,278.900249,305.921055,265.068616,-352.109970,-358.484262,-394.800446,-396.176375,-380.752245,-383.797202,-375.781778,-379.226490,-390.073661,-360.865228,-13.933311,92.895918,76.310698,82.878301,80.250204,42.151005,57.681763,67.884326,67.142586,-5.815019,-4.251623,-42.301238,-19.483340,-23.502619,8.990012,-234.537029,-221.997160,-258.021135,-255.524281,-595.231925,-616.887861,-605.903537,-596.320699,-634.076241,-596.728933,-624.865665,-609.062303,-607.815141,-92.174457,-69.002823,-69.935178,-58.830651,-94.640749,-239.953031,-222.833668,-210.211821,-215.140745,-203.257680,-222.663111,-221.457684,-231.317916,-481.902390,-484.506401,-476.828870,-458.558805,-459.441392,-193.446490,-903.816926,-884.311373,-879.163769,-933.699128,-925.957760,-911.553400,291.086113,291.055738,285.299376,300.980788,275.772790,287.062096,301.981376,-57.612404,-69.058190,-58.295964,-52.569590,-61.427898,-76.144343,-33.256759,381.047860,381.124220,423.109628,-410.688736,-415.285155,-415.221538,-428.695830,-433.373817,-440.573062,-416.977890,-403.368709
YCoords,257.224511,277.726592,263.983815,274.538394,272.539208,240.075468,261.713075,268.568128,257.797761,270.769499,85.865748,64.781303,82.328927,82.343910,39.266028,46.643125,69.220321,70.312315,89.424836,71.669762,-225.737550,322.373985,317.754084,298.042287,289.834202,310.186691,324.799327,318.177907,321.566759,-473.406636,-492.140342,-511.172379,-495.941062,-513.778540,-510.641504,-279.324004,-286.035877,-277.690823,-274.689338,278.140664,271.750424,291.220423,254.935522,280.837274,273.403194,295.479031,280.899056,241.147740,-21.153207,-23.067384,-44.177809,-21.000617,-47.263121,-64.434393,-42.802920,-23.165325,-32.675172,-12.435686,-14.661144,-48.676733,-41.025908,191.024531,183.366105,218.779605,170.822119,198.583360,-764.860867,-9.116903,-22.081822,-30.184771,-27.213695,-6.713525,-34.161931,886.414044,888.351208,895.747541,866.865084,881.523614,883.598773,885.438115,-336.171606,-351.784328,-325.597593,-329.694692,-327.653438,-340.689899,-295.591019,-253.187283,-226.922626,-269.756356,-286.002090,-294.242028,-294.635390,-298.407795,-294.666665,-279.840249,-290.296490,-289.799736
