InstanceType,TaiBGenerator
InstanceSize,30
OverallRadius,1000
MaximumCluster,3
ClusterRadius,97.45670238
Tilt,0
FlowBParam,5
FlowAParam,-3.128196401
XCoords,448.934950,575.842823,534.968416,-243.644008,-243.736700,-315.504890,115.764950,39.929873,-271.745028,-242.026500,187.173252,209.717779,217.204324,785.017607,690.938842,715.690002,-48.755696,-82.707243,312.004802,300.142266,305.312570,527.311747,463.119550,-664.311218,-667.074129,-759.851030,-116.417694,-81.493524,-75.215863,121.845524
YCoords,-567.186064,-628.940845,-601.339975,833.130468,792.533783,808.528048,389.909456,463.903779,-182.834988,-239.399951,83.365269,95.011953,51.881209,-340.165524,-333.853934,-361.008833,87.778189,15.821373,-720.710628,-797.050254,-721.015905,249.947415,186.890070,-180.049475,-221.540826,-245.400116,129.789242,73.489855,56.673841,-790.323521
