InstanceType,TaiBGenerator
InstanceSize,30
OverallRadius,1000
MaximumCluster,3
ClusterRadius,11.54110212
Tilt,0.182236391
FlowBParam,5
FlowAParam,-2.657188564
XCoords,-499.890944,-493.039111,-490.800934,-398.591030,-391.787316,-397.403475,-12.818941,138.347937,-202.846056,-203.345161,-213.057539,-274.421196,372.459106,182.200732,178.350060,184.120527,450.164143,460.103470,12.948745,253.924992,253.961148,303.150493,-51.264613,-53.358283,-85.823205,-93.207919,-84.496425,-688.883463,754.441452,127.916792,125.917738
YCoords,577.493449,584.260702,580.428118,767.043498,759.611127,764.510748,-6.589522,-512.570049,-66.435314,-76.533324,-74.592237,319.339867,364.641719,513.638151,510.698183,511.541175,-592.946252,-590.209706,0.926942,110.073549,118.090765,-672.257688,-414.989484,203.567973,-428.728582,-429.321542,-431.858867,-689.151756,222.571488,1.481688,-2.863463
