InstanceType,TaiBGenerator
InstanceSize,80
OverallRadius,1000
MaximumCluster,14
ClusterRadius,84.12803038
Tilt,0
FlowBParam,5
FlowAParam,-5.785450715
XCoords,-318.959575,-313.746777,-288.556982,-369.431453,-304.726202,-316.290327,-301.389000,-308.900300,-302.134956,-282.519962,-300.522974,-254.120187,214.213727,285.111520,232.761921,281.946500,214.291685,281.122040,143.755246,-170.016415,-187.392923,-141.412722,-177.385010,-228.639469,-196.992350,-158.490875,-27.965664,-67.062412,-90.117663,-86.594812,-90.022026,10.748570,-55.348513,229.147314,254.418557,207.048435,202.221314,221.118224,470.004549,505.355960,460.894929,-58.429635,-38.307355,-785.945519,-830.598069,-816.094112,-716.603630,-752.940960,-871.810587,-848.919728,-806.713461,-804.789081,-773.848412,-781.804264,-787.009594,-835.223193,-739.294559,1.306674,29.558259,-28.486150,14.726826,-16.299379,-22.664610,11.662827,-35.256507,5.147542,488.402580,428.525666,452.841143,428.181741,490.663972,453.711418,425.304572,453.165524,403.777852,431.400394,443.677476,435.467804,-300.545023,-281.874667,-311.644797,-301.955612,-286.020378,-227.208437,-256.164168,-291.485970,-264.856273,-256.696164,-280.034373,-315.262277,-214.076886
YCoords,631.522295,734.131708,661.696911,684.876281,671.749824,694.390213,665.291592,689.375063,655.371268,692.824315,671.468897,646.059356,103.751682,134.348467,109.167893,140.372697,116.900127,144.346683,98.716453,-761.661004,-743.470294,-775.103068,-734.130184,-690.187738,-735.923585,-701.716245,-131.480224,-67.186515,-177.316212,-126.701746,-183.480980,-156.074419,-130.689661,-765.222367,-763.942495,-740.371949,-782.502581,-776.287902,-565.022102,-564.158847,-581.406545,118.363266,42.237681,-217.316654,-258.793873,-172.214605,-200.856414,-244.558188,-185.936597,-252.078646,-238.932500,-205.972274,-183.647559,-203.286265,-201.805775,-224.021544,-164.985233,-784.502439,-893.152258,-837.445121,-850.409344,-890.815735,-841.444360,-853.330353,-877.241220,-855.776383,-574.244856,-556.262903,-563.707237,-581.010116,-583.344147,-590.874559,-489.171478,-519.941410,-584.103787,-583.564886,-507.924967,-567.250716,-35.972130,-33.378524,-64.366386,13.752436,-31.973664,-17.033649,-20.905956,27.854961,-75.418682,-17.066172,-16.265576,12.706625,-7.403113
