InstanceType,TaiBGenerator
InstanceSize,80
OverallRadius,1000
MaximumCluster,13
ClusterRadius,40.77431054
Tilt,0.260757429
FlowBParam,5
FlowAParam,-1.828935338
XCoords,912.508231,893.411708,928.683367,900.620015,901.837236,938.202765,936.592915,954.719217,168.650036,132.976579,120.842443,146.165145,128.990957,152.455618,153.521733,149.252443,776.561455,758.542834,769.519854,779.360553,752.073526,801.596082,752.376065,794.192197,773.512295,740.861980,763.976503,769.897567,861.806244,880.908637,867.434133,898.098533,847.575896,867.872290,895.572388,870.358767,868.271716,885.933181,867.134094,223.273572,329.777118,284.710671,308.157116,308.643194,314.500693,286.222026,296.412242,282.001259,-631.992035,-632.269746,-628.818219,-632.945014,-633.800714,-627.468682,-623.286968,-614.380310,-617.584936,-601.907438,-654.614997,-629.459395,-638.294365,-154.631186,-159.664374,-195.517753,-178.481549,-169.403933,-186.054337,-203.343367,-210.353554,-191.842248,-15.505878,6.345627,37.695478,3.746306,2.381186,31.860334,3.614687,111.906379,156.170357,99.910841,126.338858,126.709873,105.162110,111.954643,128.100511,107.420598
YCoords,282.898963,324.951776,281.128204,311.261138,310.639456,301.489184,320.578731,302.855241,-246.776821,-251.036208,-228.595524,-245.198042,-258.098371,-240.809497,-239.383837,-232.510208,-81.023933,-76.303844,-97.709263,-68.044958,-108.418195,-107.214763,-102.966722,-109.796203,-100.148401,-76.155611,-94.775016,-99.147223,-380.959937,-396.636695,-402.189984,-397.507659,-411.424992,-387.457257,-399.436494,-388.686986,-388.047180,-367.755197,-386.790970,522.096583,701.173579,716.108275,647.114277,684.677257,676.781499,703.126186,704.304889,683.365670,627.785784,660.845020,603.561074,621.451884,610.986819,609.324811,630.569260,620.802870,635.828849,627.179275,618.837971,626.889007,659.155451,596.030134,594.675209,557.769891,580.389075,603.924598,583.686350,584.861873,583.067343,607.293307,67.023605,100.791471,81.237885,118.791246,79.094136,60.073330,106.156319,663.800569,668.505085,660.415104,643.781502,647.786386,637.212763,652.248622,644.464168,668.048239
