InstanceType,TaiBGenerator
InstanceSize,95
OverallRadius,1000
MaximumCluster,18
ClusterRadius,71.01378288
Tilt,0
FlowBParam,5
FlowAParam,-12.31583706
XCoords,-24.567581,-103.630106,-23.063153,-124.962039,-82.118149,-101.295428,-43.245337,-117.219905,-80.330136,-92.627361,-96.369352,-83.044479,-81.073210,388.891447,548.431270,507.112897,532.241038,536.902746,536.198261,539.873654,510.195094,5.874258,-31.909568,-16.965959,-56.536207,-42.425839,-26.571271,7.044632,-24.615398,-47.816959,-476.076383,-515.835077,-465.352251,-547.222148,-506.931276,-507.536828,-482.123779,-565.520005,-510.913382,-481.916074,-285.635711,-276.518145,-305.296807,-247.120028,-286.035140,-273.984142,-289.919553,-301.756998,-258.690716,-288.024305,-321.004927,-243.406861,-319.472730,-304.258439,-309.456778,-244.651621,-272.791119,164.623411,168.610600,136.593617,161.491590,174.770068,159.294549,150.785849,154.156144,149.166508,162.307084,114.499273,158.922703,194.362027,214.410937,150.360839,169.762975,168.865365,-203.762405,-162.144361,-238.940701,-185.406373,-236.420703,-219.992421,-195.841439,-193.872770,-236.654164,-207.510029,-188.110241,-225.595633,-164.170966,-123.904619,-187.016802,-134.336161,-237.789510,-190.473927,-193.041584,183.509374,236.197192,212.023650
YCoords,-677.724003,-688.462149,-639.865195,-637.557653,-663.278326,-691.065911,-679.578565,-670.919563,-633.363123,-620.089661,-636.452587,-639.779384,-628.358172,-886.732967,511.545559,522.192329,556.189231,506.421288,555.640312,545.603740,575.122327,49.885471,48.519272,35.488068,6.533779,57.918969,72.036361,39.378509,73.308748,113.747279,717.807444,701.599549,693.681838,663.588230,717.756571,788.334565,726.199023,688.865495,747.073764,659.149122,-422.526115,-475.853386,-409.531159,-416.893814,-436.503728,-347.012891,-451.780292,-436.997224,-417.557627,-415.858844,-383.555511,-429.026276,-436.161249,-448.195327,-427.741486,-395.224786,-423.723749,-750.630928,-776.356204,-784.286768,-769.745430,-789.147058,-702.395045,-766.700753,-763.438643,-808.535989,-804.745286,-711.736185,-762.581294,-819.502939,-790.198650,-764.305214,-819.270089,-790.659572,135.222180,-36.819071,2.955308,-24.445626,-37.673393,5.868832,2.469527,-44.946813,-18.368412,-27.245457,-34.098326,-11.917166,-82.949126,-52.930041,-2.016570,7.102078,-14.524248,-81.833494,-98.936453,775.425607,795.632535,760.082882
