InstanceType,TaiBGenerator
InstanceSize,75
OverallRadius,1000
MaximumCluster,6
ClusterRadius,40.93794726
Tilt,0.2684526159
FlowBParam,5
FlowAParam,-7.409029883
XCoords,-206.459816,-191.254674,-179.144947,-205.337521,-209.778055,-958.364857,195.292388,186.378023,186.702719,214.914724,-63.915225,-278.382236,-267.503521,60.687754,294.975131,245.051372,168.765866,176.732105,184.169225,180.116794,-452.358056,-486.555894,-472.596001,-498.970884,-462.047712,-438.827207,1.518389,23.803484,24.207960,-4.163785,-9.694894,-6.789918,-25.867427,-17.627476,566.893869,527.697390,-56.988014,-38.213216,-17.909993,-659.002971,-659.368140,-580.816675,-570.650518,-586.352895,-600.334502,27.788788,-427.952093,-461.063117,-438.936534,-13.832311,-1.583836,-48.123317,-30.004422,-38.706980,-27.627835,-7.353179,655.843445,641.167881,641.553524,675.242881,625.220133,-317.288017,-303.103032,-313.600475,-75.878931,-63.944671,15.918168,-1.389093,15.369191,25.116039,2.076256,8.350144,-289.654155,411.366541,401.338674,401.396935
YCoords,145.535202,129.466303,136.700169,142.859792,139.734018,128.523184,650.596818,650.061744,631.107915,614.837311,277.959752,-228.915514,-227.818738,-101.634567,-445.749593,-456.329177,525.750580,524.691237,491.440336,521.602874,528.058544,524.019666,530.399584,530.747960,527.704935,545.857969,-807.334837,-783.369400,-810.562872,-814.109714,109.404039,118.083138,138.587863,83.307612,37.795773,-4.457464,496.985609,511.612681,489.834407,-747.696105,-719.661653,-493.252718,-538.322827,-545.553319,-545.541793,-40.807899,52.902504,70.552602,74.011353,196.553850,209.659720,178.646845,172.728633,38.161096,3.498622,30.672726,-490.891044,-486.181584,-459.298070,-502.332847,-472.698643,-542.841330,-511.109798,-533.819981,408.852884,385.834891,584.487288,550.866551,566.865382,580.556457,571.848763,585.726922,10.727806,843.372415,870.551817,904.791501
