InstanceType,TaiBGenerator
InstanceSize,75
OverallRadius,1000
MaximumCluster,14
ClusterRadius,94.07304643
Tilt,0
FlowBParam,5
FlowAParam,-11.8702148
XCoords,-222.178004,-332.812592,-262.938043,-244.129982,-189.241684,-287.507877,-312.952377,-322.398509,-256.646923,-215.829334,538.788904,465.941097,538.159172,540.609005,460.305651,555.051423,562.133993,540.757545,503.696871,-63.483203,-55.324408,327.103157,344.621213,20.018448,-29.114252,-22.151419,-56.049603,-1.647077,-19.351850,66.125374,0.453377,587.610023,643.878413,533.943362,604.839838,532.345598,531.690901,564.061479,627.577799,-19.012512,-616.894741,-629.047230,-646.082078,-661.890424,-618.282462,-633.241660,-612.910592,-568.167739,-602.590883,-628.603557,-184.030699,-322.657799,-210.624662,-258.074311,4.080181,45.716538,-17.970281,-667.399678,-655.787554,-655.751217,-582.029577,-719.333164,-646.887876,-630.970397,-642.254226,-364.273095,-360.677371,-369.327753,-313.262744,-309.266457,-355.703577,540.784366,529.234645,496.035302,529.658785,473.684240,586.130337
YCoords,278.819082,275.666081,264.217027,281.364432,244.944043,261.071524,333.929149,301.304986,291.128056,295.973757,24.077389,-20.977292,0.707467,2.365423,-9.963754,-48.118189,31.377541,21.930682,-1.517688,782.102110,850.454978,722.088099,672.995132,965.390721,958.596095,909.905486,913.607460,943.256587,929.839940,924.182994,50.683092,487.531729,492.833465,483.258271,356.894268,390.716717,434.414390,412.140697,442.180584,696.769315,231.014877,225.184837,240.175808,191.921349,161.467334,179.178733,225.989993,181.536416,226.205185,208.203537,-649.610161,-689.295889,-685.971478,-581.057156,3.142288,45.834282,6.216312,374.222643,448.285529,377.936368,390.427009,348.689172,420.227796,293.564212,284.813055,243.426652,143.579726,228.114380,200.000738,169.125646,205.220438,-66.175746,-74.365748,-50.436979,-60.021210,-96.481999,-80.326923
