InstanceType,TaiBGenerator
InstanceSize,80
OverallRadius,1000
MaximumCluster,22
ClusterRadius,48.06068093
Tilt,0
FlowBParam,5
FlowAParam,-5.23851486
XCoords,-892.913574,108.628038,82.731643,66.073847,92.415349,90.009399,54.621740,63.045103,75.912545,97.384389,104.065612,69.452619,-200.645718,-147.736172,-171.419322,-186.848152,-178.395165,-185.150790,-165.082390,-176.863383,-182.960927,-310.474123,-318.400579,-349.173692,-296.677953,541.465840,541.219579,522.003966,559.990707,528.190556,581.887359,545.086817,561.643089,561.047059,516.768335,516.826849,523.878830,126.549453,125.008186,136.829521,122.816620,151.572347,104.554808,121.145556,125.160504,101.603668,121.446692,106.983288,106.401083,132.855893,140.572384,126.274534,766.968235,795.392657,796.771397,763.183547,789.287950,756.591667,772.912430,769.886609,799.368745,780.701448,815.736252,790.789849,772.745105,788.208218,802.274434,781.430036,794.883393,812.341458,796.190837,464.227595,538.732154,490.824229,497.846474,493.076008,513.622628,499.912353,469.920019,466.540983,477.584667,496.837171,541.295903,457.293856,517.943115,510.451925
YCoords,191.048153,-113.915454,-79.662524,-98.700862,-94.505678,-89.247977,-71.884076,-83.099209,-93.351047,-98.130277,-135.100939,-103.312854,-501.610324,-503.609949,-459.157264,-504.329187,-499.160970,-508.832080,-469.401010,-516.656388,-515.110263,15.873589,12.812848,54.355869,28.636175,767.828605,795.393134,800.569059,808.165615,759.380196,776.231291,784.470071,788.403093,789.787645,763.141845,765.054258,818.994915,4.293425,-14.856403,-19.184780,17.121663,24.237367,-29.848059,-7.581833,-11.363467,2.469283,0.493185,-38.606415,-8.530397,-0.526135,-2.632050,-17.128859,594.227677,564.090014,578.392631,550.783885,603.350348,553.890015,552.797675,538.026765,589.953088,555.277710,542.388693,549.695029,540.100157,570.708015,557.686988,579.557015,559.543301,597.109809,533.760907,-742.696147,-788.537023,-781.452880,-748.041644,-761.735013,-767.431837,-733.529249,-784.856817,-757.746481,-756.188551,-765.649376,-770.543228,-778.140058,-757.511119,-783.257096
