InstanceType,TaiBGenerator
InstanceSize,80
OverallRadius,1000
MaximumCluster,6
ClusterRadius,27.85833439
Tilt,0.1111517652
FlowBParam,5
FlowAParam,-12.97375163
XCoords,715.857190,715.405201,687.752453,79.326854,53.624591,56.418865,-212.408333,8.550082,9.720843,6.710546,9.294761,8.778679,32.720503,402.992761,372.468648,-394.511734,-393.667852,-367.086535,533.696373,552.672850,541.024948,423.432622,448.647707,451.296311,441.345479,434.495093,437.960614,58.819299,82.170624,39.487763,62.544427,24.071376,42.633711,30.960659,70.743569,-763.924836,-804.722783,-806.814746,-776.813069,-787.259231,-731.207042,-744.995282,-745.815452,-750.530683,-739.332045,-729.448550,-620.972584,799.946589,782.232244,780.897068,758.311243,769.359216,770.616739,-587.227529,-13.166431,2.931975,-187.974466,-194.047601,-210.240578,-198.878171,-25.941497,-4.240584,-12.405839,-12.529214,-29.592797,-14.755763,-7.011167,-502.981005,-485.959370,-483.204095,-474.064287,-501.234520,491.591320,511.861331,511.485977,491.495310,504.234174,510.893682,-202.216705,-233.691919,-219.415049,-210.299188,-224.827419
YCoords,-235.044525,-241.778882,-207.631636,-520.977895,-501.862363,-519.591030,239.519084,89.001772,70.197840,64.520247,99.032740,81.014729,86.913512,-404.954789,-416.288938,505.875721,503.449526,505.691090,-485.454065,-486.513979,-460.369578,-241.414745,-273.991843,-228.156754,-250.168743,-248.691867,-251.476587,-277.671009,-273.187466,-196.714138,-220.719208,-224.765625,-230.139370,-217.872850,-224.049728,-114.638766,-109.074663,-94.768222,-106.104894,-102.011465,460.244472,448.665398,429.483341,463.207136,443.253968,434.866377,29.020668,324.321813,305.629761,302.085695,298.500643,329.947343,309.552526,318.810908,5.571914,-14.051159,-199.030729,-187.748096,-184.993403,-176.309499,173.479915,186.695314,182.384090,203.434632,203.658969,191.384980,-309.561851,41.841467,29.295029,52.674011,56.215786,48.638433,495.081873,500.896348,480.073452,490.605991,479.825925,477.138326,124.425943,136.743808,127.851074,120.670972,121.404354
