InstanceType,TaiBGenerator
InstanceSize,35
OverallRadius,1000
MaximumCluster,3
ClusterRadius,11.5080098
Tilt,0.2874978431
FlowBParam,5
FlowAParam,-14.9899197
XCoords,-13.752773,4.950620,567.208322,576.036006,119.297919,119.617562,123.976701,162.411625,165.164899,160.382804,459.697347,460.073816,452.645300,222.235714,-46.641980,292.893535,180.978613,268.497217,189.533847,191.657881,183.041694,-485.537177,202.699668,217.104510,706.417941,702.183566,641.803176,648.300966,630.518792,-410.066069,80.276756,405.099614,421.776530,412.506588,-29.446173
YCoords,36.088647,-1.754953,194.029000,193.397704,-127.936764,-130.132485,-133.807182,356.753496,356.752244,348.026027,516.797543,517.058988,518.742625,154.781762,68.587694,481.781008,-141.615191,-252.867174,325.266591,331.375881,337.788446,631.890338,-68.934914,-69.496300,-144.583560,-131.894030,415.934762,408.888204,416.942492,-571.435983,-901.465522,514.003849,510.962443,509.973183,-46.963725
