InstanceType,TaiBGenerator
InstanceSize,80
OverallRadius,1000
MaximumCluster,13
ClusterRadius,20.62343072
Tilt,0.1833372823
FlowBParam,5
FlowAParam,-3.553756422
XCoords,-2.521033,13.370409,19.538519,-2.191506,18.009659,-3.745549,18.617873,-4.967280,6.434727,10.988832,-6.696908,99.540702,67.480663,92.081909,81.663914,87.183738,72.436534,90.150991,83.182775,85.337093,87.981175,69.726661,86.153447,86.507838,788.561045,-959.578715,-960.423511,-220.344959,-230.073494,-224.668035,-226.839409,-221.939134,-227.827852,-229.555831,-226.567026,276.412420,264.528913,264.471031,262.893141,265.682282,263.094040,268.141333,619.612357,612.440529,610.798538,603.984591,22.000170,27.679804,14.391024,29.265943,35.274071,25.527688,17.900564,16.581953,-174.441356,-174.989567,-168.726638,-148.984658,-162.406782,-164.521994,-157.658484,-148.850369,-177.096482,-159.596661,-171.857544,-149.717619,-178.195478,-215.048392,-194.098733,-207.352886,-214.698805,-209.699021,-201.197165,-209.420529,-208.880467,-207.882080,-211.238541,-628.018667,-634.840927,-641.821172,-644.745393,-648.958791,-642.642030
YCoords,-451.909154,-454.888483,-465.134913,-467.179624,-448.470855,-443.448719,-459.217758,-458.215307,-455.771511,-457.421596,-458.018447,-817.398982,-806.108442,-808.218957,-825.853823,-828.667988,-823.605283,-823.876663,-811.083317,-804.723153,-822.422716,-826.552472,-821.998281,-817.519088,-171.911106,6.844441,9.197548,816.206597,801.646337,813.037043,809.046191,795.808283,801.166791,812.048765,809.099800,388.141728,382.391324,382.286028,375.282875,384.418390,384.424175,380.732193,607.339093,605.154203,609.205840,621.802824,-41.014738,-48.515453,-37.756742,-44.099982,-28.354348,-46.777678,-41.519072,-31.635074,730.094232,737.684577,737.992869,739.374093,730.722938,750.828460,742.624289,748.634570,738.827739,742.573970,759.782861,733.206738,730.824947,43.993202,15.920770,27.315340,35.098902,27.059624,42.103378,21.108958,24.742607,28.493697,39.754294,584.408054,569.324664,585.599091,580.256706,576.617496,588.956878
