InstanceType,TaiBGenerator
InstanceSize,40
OverallRadius,1000
MaximumCluster,5
ClusterRadius,76.88333154
Tilt,0.1887089446
FlowBParam,5
FlowAParam,-10.77227104
XCoords,445.166547,372.807319,686.634122,713.130288,715.456156,-715.700057,-729.906576,-734.860756,-720.516613,215.393210,180.428796,560.366986,553.211019,522.062183,614.437447,976.330285,967.856791,933.688656,1015.584418,-429.978828,-468.436801,-15.320824,43.906878,504.376298,510.782684,-244.479571,-317.565143,-315.433633,-315.456796,-78.968031,-156.410932,-130.471882,-128.430362,-323.112482,-335.295553,-348.643219,-523.446738,-496.315157,-24.619260,6.768588
YCoords,-846.336956,-855.925982,680.125785,690.063815,676.553121,-10.645411,34.685065,-1.891846,-2.367252,10.413978,-10.043190,-48.528416,-83.620227,-31.913104,-53.632443,5.184876,-41.300654,-58.565276,-12.379521,-585.823035,-584.855571,72.362023,29.027039,113.922005,143.082710,28.679288,-29.349395,81.564438,-32.990994,-75.413097,-757.306400,-752.373330,-793.090245,286.166885,278.252130,192.689413,-54.174435,-27.170052,215.534693,303.165138
