InstanceType,TaiBGenerator
InstanceSize,55
OverallRadius,1000
MaximumCluster,7
ClusterRadius,21.42508583
Tilt,0
FlowBParam,5
FlowAParam,-13.59878184
XCoords,84.215155,587.843236,607.873922,601.907434,601.601165,599.814592,-25.931138,-1.839117,-25.160424,340.695587,329.041408,340.829489,333.711070,347.057429,76.172409,84.357678,79.830354,320.815004,313.084564,327.809852,323.949721,312.485089,336.993274,-116.050692,-128.024865,-102.956102,-94.712202,360.393128,365.691071,362.403893,369.295699,373.400236,363.900328,366.067778,-6.252007,7.563452,2.984860,339.878782,332.709318,334.936552,336.937680,337.592438,-339.251667,-366.538847,-374.805090,4.434764,-5.560741,-466.707566,-336.884994,-330.809409,-329.187298,-333.072956,161.672103,178.672821,171.919881,177.311305,167.608522
YCoords,191.608005,211.210249,226.856624,227.180849,227.645206,228.346039,46.975077,30.816145,43.606421,444.924943,431.805279,438.400998,436.307097,454.481692,-226.298388,-229.240061,-233.483479,282.561115,264.456100,267.553972,265.576235,275.732542,261.083250,-612.326674,-608.306036,-621.671652,-612.975435,-342.129275,-323.822630,-330.873824,-313.403414,-334.851417,-331.851010,-323.812174,21.181965,-10.469181,5.495962,-206.364068,-218.108636,-218.261946,-219.515128,-223.197869,-256.508398,-245.119925,-252.035431,-187.349258,-204.553992,-114.276317,194.995816,189.232307,198.834059,181.484852,-444.791756,-428.768064,-431.432606,-420.031368,-424.703023
