InstanceType,TaiBGenerator
InstanceSize,70
OverallRadius,1000
MaximumCluster,7
ClusterRadius,99.43198951
Tilt,0.2984955182
FlowBParam,5
FlowAParam,-5.341928057
XCoords,-658.037121,631.004639,727.187381,661.590549,732.316999,697.595030,678.013595,-47.509613,-27.360160,-874.596355,-850.800472,-854.866327,-892.300586,48.789673,33.461828,60.357950,116.279974,-23.101189,51.868400,2.483642,88.683325,-22.717414,-30.168837,-50.260155,78.688894,89.528764,14.565306,690.277742,775.116566,746.771957,706.460321,645.928342,711.022544,47.331369,62.611405,56.730074,19.186060,34.667264,46.326700,63.530295,856.679771,841.948847,893.990967,900.910341,948.760073,877.932868,930.649129,885.846840,876.767299,878.602181,844.182372,207.165987,-161.696239,-139.822826,-133.071600,-102.540697,-237.119766,-193.353126,-836.063120,-816.927976,-843.193022,-777.337466,-174.898334,-200.526189,-165.430292,-341.668102,-394.240145,-386.246274,-355.658245,-383.090610
YCoords,364.915410,117.436515,34.077923,99.932748,90.588458,109.908990,73.461384,721.232684,758.620880,437.740599,385.012034,362.533957,374.088367,-853.605925,-934.438377,-877.613632,-886.197611,-451.803730,-477.697346,-537.592825,-515.592732,-509.124156,-491.089970,-494.548132,99.722260,66.038516,118.377609,-412.737419,-372.060956,-353.094938,-383.054044,-388.290537,-431.467806,-574.647607,113.011398,137.255901,181.231453,197.527723,151.333481,131.644753,-424.411967,-472.926595,-506.449106,-409.051268,-35.061147,-91.825540,-44.378073,-198.378192,-89.602564,-107.680997,-25.349221,-131.313560,-100.147076,-10.154430,-14.852037,-64.463291,3.315055,52.622606,-390.166288,-475.774918,-373.581422,-406.830250,-249.465825,-160.590858,-240.185499,-233.920496,-268.033308,-268.119975,-257.539692,-274.194435
