InstanceType,TaiBGenerator
InstanceSize,100
OverallRadius,1000
MaximumCluster,7
ClusterRadius,41.80628374
Tilt,0
FlowBParam,5
FlowAParam,-3.515486468
XCoords,-52.090903,-47.737600,111.649654,119.631519,100.770148,99.462987,79.395097,83.854874,829.084942,236.118069,240.812424,244.658795,262.082942,2.494887,-6.400561,501.216976,506.895389,502.334318,515.357023,86.827226,98.981148,110.259627,99.522859,93.728615,119.551096,80.914657,794.426934,822.461565,789.544290,800.398181,789.686847,454.566644,67.132115,73.272463,121.328077,80.356772,87.533171,96.330510,101.348960,110.777085,161.157340,139.159469,131.738887,148.881508,-818.839007,-813.450815,-797.672654,14.915229,-25.146893,-12.555704,89.054715,110.689332,81.832342,126.212092,113.719955,103.285711,871.619749,889.934275,877.824191,893.882182,1.911667,1.178703,-5.765839,-348.096377,-333.658389,-316.674596,-314.330833,880.289982,860.436707,864.413332,854.221522,-710.097336,-688.056473,-681.840610,-706.242102,-671.142541,-641.548891,-652.537025,-625.561641,-195.769270,781.357682,769.948880,-263.142496,-289.673477,-313.121283,-282.461943,-87.047693,49.958190,79.590624,42.689406,49.139952,83.254736,33.704709,-919.060034,-914.240026,-914.954933,-946.430570,-932.024821,-953.033071,-929.182527
YCoords,3.565167,-22.297183,-562.661021,-569.913982,-556.515706,-558.658516,-591.448903,-556.475415,11.946833,484.952270,498.665952,461.506940,438.523708,-52.484914,-14.132920,-838.804437,-820.887033,-832.958128,-826.542827,-302.159677,-312.085185,-322.102686,-307.541939,-312.685257,-333.694024,-325.599230,412.299445,428.547355,403.368853,411.048984,384.425437,-850.813069,-302.930317,-271.391707,-281.557053,-261.221416,-310.134737,-251.684507,-283.577049,-434.076272,-476.686299,-490.187402,-484.003643,-483.402935,-547.015341,-558.237443,-530.400763,-469.870964,-483.618998,-447.755277,-386.720840,-385.682279,-399.047165,-398.578713,-373.147632,-402.615309,-384.730010,-404.424293,-352.619957,-391.932929,640.965426,638.435515,646.979919,-146.163948,-122.924972,-150.079525,-170.824826,88.178306,90.708165,95.561040,92.108016,360.096330,350.869536,338.354524,340.693484,330.692820,716.046636,728.272338,707.094334,-361.349758,537.448524,560.157716,-911.355602,-894.457111,-895.608979,-885.370127,-25.904558,-50.664103,-40.960183,-49.810152,-54.830565,-42.933942,-50.911086,319.298589,328.823312,324.606106,337.004358,349.779590,318.218141,312.637085
