InstanceType,TaiBGenerator
InstanceSize,50
OverallRadius,1000
MaximumCluster,11
ClusterRadius,83.66016117
Tilt,0.2933588074
FlowBParam,5
FlowAParam,-4.997721244
XCoords,365.875273,417.086734,391.181481,429.870719,365.424819,368.873346,361.500103,315.702634,745.835088,667.749807,676.638790,727.322897,679.054093,672.599083,112.037422,100.817202,147.419008,125.529179,146.841652,166.954788,155.031360,77.945273,79.271176,87.461436,448.115975,451.833344,436.476917,473.052929,204.008139,210.539308,-28.962687,-25.251514,-47.665077,-22.098397,-901.609680,-862.095601,-827.119524,-836.265505,-837.244058,273.212603,284.186931,265.130204,223.062005,313.680284,282.811191,254.312485,-147.403828,-119.296188,-88.499437,-98.094575,-123.699380
YCoords,831.257870,844.236904,757.046336,752.447878,777.034439,734.966226,825.387172,776.448755,-289.020772,-284.554270,-259.166593,-353.223335,-392.672674,-343.115341,-179.412471,-58.182328,-120.880325,-154.821967,-60.978285,-68.380996,-137.472685,39.518586,39.878926,3.145014,665.023488,628.497429,672.159889,625.482750,693.124836,752.198985,261.232052,192.166922,244.528875,212.897534,93.223538,123.647420,172.846785,96.225829,98.864320,159.756959,165.486942,142.855939,91.950271,180.766884,123.828127,122.473208,276.684855,289.171427,318.176232,239.859541,331.668729
