InstanceType,TaiBGenerator
InstanceSize,35
OverallRadius,1000
MaximumCluster,5
ClusterRadius,25.10882863
Tilt,0.2196765873
FlowBParam,5
FlowAParam,-12.66526112
XCoords,-143.801428,-137.366131,-125.870564,-144.357583,-110.278137,574.497369,23.771464,44.729650,8.062482,8.730758,115.270856,123.457209,110.634480,129.198748,-851.943699,-863.848881,-863.563459,-17.197524,-7.038000,6.056302,7.890702,-166.671466,-165.652776,882.472814,896.663733,883.850889,873.304457,-29.397327,-100.431430,-86.032651,429.452989,406.734764,434.316629,426.562489,450.664613
YCoords,-943.603389,-921.741737,-933.213518,-948.163169,-942.389224,268.601260,709.262165,702.148302,715.582130,720.833458,263.913665,263.023480,246.347608,236.662628,-346.266123,-384.332308,-367.855905,79.845273,90.745193,97.534759,64.295690,-5.777321,2.224100,151.328970,149.077588,166.730870,154.046493,19.440993,119.331883,125.419921,-478.322998,-457.688987,-474.167018,-469.719962,-464.650278
