InstanceType,TaiBGenerator
InstanceSize,85
OverallRadius,1000
MaximumCluster,41
ClusterRadius,10.39194783
Tilt,0.2453728877
FlowBParam,5
FlowAParam,-11.29719752
XCoords,-17.545264,-17.309269,-13.398664,-18.561734,-15.293320,-22.991568,-11.596908,-19.184670,-13.992404,-14.815514,-16.283534,-12.688293,-16.941269,-18.600615,-15.850768,-16.123137,-15.163131,-13.575053,-15.740083,-9.701885,-10.993787,-14.859430,-17.454692,-20.103896,-14.290351,-15.310210,-105.131274,-114.603306,-102.160695,-106.532311,-110.263502,-112.115251,-104.098890,-103.117914,-112.047394,-111.959576,-112.549703,-104.230243,-117.837135,-109.587874,-110.527686,-110.558233,-105.600079,-108.672388,-107.509041,-109.396710,-100.876196,-116.421400,-108.831766,-110.576131,-106.757030,-107.158724,-110.813295,-109.092394,-113.545723,-106.308175,-112.719575,-114.990432,-116.991566,-109.361618,-109.741896,602.329132,610.343445,602.257350,604.623963,608.334087,603.963143,609.263649,611.605147,604.656828,608.511227,610.880239,602.361419,602.703683,603.944820,610.896957,607.495417,606.651534,610.984609,614.325448,608.341261,608.032447,607.996926,602.861661,603.579308,597.833990,604.455818,604.537200,600.581716
YCoords,75.602963,72.156997,67.569324,68.210731,68.474276,66.598289,61.725366,75.714637,67.200288,60.004200,67.643582,58.276317,61.668258,74.389327,64.049078,60.334939,73.566333,70.908526,66.982607,70.170386,64.317291,67.501823,66.065870,63.770746,68.295565,67.918723,-204.561529,-207.968702,-210.982817,-204.178892,-204.312560,-203.956107,-208.757893,-207.125454,-196.506311,-202.202684,-206.062279,-207.095137,-204.390058,-204.381736,-208.543161,-204.575985,-205.372101,-213.556344,-215.231828,-204.335800,-204.489146,-206.770980,-208.190865,-206.168511,-196.416513,-202.621206,-205.129687,-211.107042,-198.800692,-214.596589,-205.486880,-205.012460,-199.482894,-211.415758,-196.007906,-462.047010,-473.610781,-473.776424,-470.540149,-475.302013,-472.589185,-478.710537,-461.264712,-472.196415,-466.368825,-472.967387,-469.876899,-463.974849,-466.811079,-465.908043,-464.912828,-470.237285,-476.163540,-468.396868,-472.386996,-469.413914,-474.170701,-477.165596,-470.329965,-468.476379,-474.440773,-473.722676,-466.593332
