InstanceType,TaiBGenerator
InstanceSize,75
OverallRadius,1000
MaximumCluster,6
ClusterRadius,23.76872594
Tilt,0.2857367765
FlowBParam,5
FlowAParam,-8.788423658
XCoords,-180.512604,-173.970162,-189.017121,-180.611120,-160.512547,472.958749,456.730703,472.754879,458.402135,472.881062,461.438115,-447.409778,-438.386116,-457.873562,-446.520152,118.703539,116.145796,134.895915,135.242910,120.428647,116.336312,-674.125844,19.724388,3.981260,-13.369397,1.889345,-9.245503,-243.209225,-258.020655,-258.522422,-252.224951,-20.710042,880.430088,884.261411,885.102245,902.431082,889.660656,-493.448609,-491.118527,-508.717493,-469.019891,614.088437,-372.516511,-390.061525,-380.473246,-406.596071,-381.340603,565.309281,574.614782,566.425396,583.439340,564.368122,-735.089599,-732.425544,-756.633808,-765.446182,-747.072269,-138.312733,-137.852885,-131.737907,634.559004,643.706082,643.995187,618.993710,630.182477,681.454681,700.402845,687.864915,688.604940,683.627392,-720.534293,-734.398308,278.351832,87.339932,61.091302
YCoords,282.239160,291.564536,270.620751,285.949839,282.693820,719.930114,714.068717,699.921412,705.479327,709.215245,700.647701,68.752742,60.416260,71.507421,54.824663,818.469386,828.520551,814.320752,812.746166,819.992872,820.960657,119.265917,9.627482,2.287712,6.187374,1.888776,12.010365,81.373112,81.891281,83.022099,73.962203,-32.924248,-31.280264,-30.228129,-16.154887,-35.927675,-33.710700,705.712864,715.907142,705.550237,701.154373,373.706384,600.655963,584.347083,599.000775,581.407105,581.187551,22.167037,12.267098,14.042530,11.127143,18.280468,50.352641,55.033910,51.296916,67.662064,69.351013,-412.637887,-417.381568,-417.648877,45.275266,34.730051,35.788662,44.636171,38.523362,710.815373,706.282062,714.363899,716.308385,707.068035,299.757086,306.540944,523.526524,499.769522,506.083152
