InstanceType,TaiBGenerator
InstanceSize,95
OverallRadius,1000
MaximumCluster,7
ClusterRadius,10.38873302
Tilt,0.142152392
FlowBParam,5
FlowAParam,-2.092140747
XCoords,-482.278930,-488.027118,-492.866360,-579.285883,-585.091378,-581.196619,-579.163724,-572.415762,-578.633933,-200.465607,-191.354771,-198.961301,447.958679,-472.970138,-479.910985,-471.142657,-467.643641,-509.909268,674.114246,670.853620,93.927278,84.460859,89.514015,97.373116,91.022860,94.097902,80.799796,81.066524,-68.404841,-60.529805,-61.636487,-61.837093,-17.533577,-9.990985,-16.401557,-14.618288,-15.391846,-10.490697,-21.269840,148.912177,143.843873,150.179905,143.783194,154.638734,-491.057489,-486.353749,128.262334,128.771907,115.765108,127.322196,125.320250,80.478259,84.413805,84.007622,65.697377,55.681414,53.881581,55.754607,-138.487038,-137.879603,-32.886496,-36.204433,-30.604029,-31.159215,-353.363570,-340.480339,-344.283333,-314.448548,-319.535078,-321.919796,-316.685001,-314.752134,-316.932648,-316.217549,-391.916422,-388.204925,-4.756902,0.246775,4.725222,-9.002147,-2.509746,9.244064,-4.287338,67.489406,80.589308,73.436305,74.829609,75.713096,76.527000,-173.709179,-175.079838,-176.583516,-176.473433,496.257777,503.904895
YCoords,-541.823673,-539.914560,-539.542938,633.330582,630.577603,626.652590,633.901706,629.820371,639.264856,15.069666,23.498151,22.236747,-194.395930,-435.724349,-432.866777,-429.196747,-426.515341,-218.051287,187.374858,190.245468,-637.877716,-639.059869,-630.588671,-628.823909,-630.381922,-630.872008,-62.119500,-70.962595,-7.965054,-8.071157,-2.605338,-4.461762,8.498063,13.202622,25.520830,18.965520,19.815061,24.118259,22.241422,730.555863,737.147544,730.549448,738.288478,727.467727,-368.431570,-368.664816,-461.979381,-456.008233,-455.515818,-456.457259,-454.836594,18.946969,15.821751,26.226295,-476.691794,-472.946530,-484.250415,-475.946435,-92.848123,-89.856097,79.817575,79.893835,78.667940,83.370242,-336.763764,-331.312138,-340.306256,252.951108,252.888417,256.211962,255.420772,246.244763,247.045112,248.391322,-761.037555,-753.843696,0.936966,8.395857,13.474566,3.497497,-0.111932,9.122635,3.917352,-107.075530,-107.891575,-102.867813,-106.891280,-108.736020,-96.971243,887.192941,890.106890,885.705967,884.516062,-142.520876,-153.083984
