InstanceType,TaiBGenerator
InstanceSize,55
OverallRadius,1000
MaximumCluster,5
ClusterRadius,26.22213592
Tilt,0.1081922742
FlowBParam,5
FlowAParam,-2.069889292
XCoords,-286.308700,-272.690953,-277.294401,-276.921574,-274.369756,1.523632,-15.389930,-83.640732,-73.441250,-1.903416,-3.908405,-8.628866,9.366426,59.985950,-727.991220,-716.643416,-690.989950,-705.228031,-713.315609,61.491206,75.197558,80.334961,65.355147,89.154903,69.488802,76.848027,-283.492079,338.835087,-183.185145,-168.598099,-192.867037,850.462518,-148.310125,-148.557659,-163.096859,554.568401,-430.069928,-442.017224,45.972244,38.449744,24.195008,369.502242,-635.619466,-653.383007,-648.532539,-644.154240,-640.278458,-76.982147,49.894381,-191.209270,-347.775376,-345.392238,-346.083256,181.543076,143.967666,138.960381,124.484951
YCoords,-312.015080,-313.076587,-310.046614,-306.827827,-310.376519,-162.337662,-163.651884,-525.333321,-501.169330,-5.343941,4.832292,-8.451410,3.212173,-198.347009,-305.364645,-303.440176,-296.929582,-319.149093,-308.467463,23.977797,-8.495559,7.427685,-12.290408,9.418444,-0.234938,-7.356363,615.990728,69.446695,142.590682,162.598506,145.641654,-285.739888,-439.145274,-437.287313,-442.336907,772.154788,-292.683390,-291.307679,-31.516490,-44.520735,-13.401319,39.585887,481.974238,488.552345,482.518792,491.788090,513.189216,-267.409363,271.146677,-588.945815,395.373931,416.031272,404.840632,260.136423,-88.188840,-88.265500,-83.627259
