InstanceType,TaiBGenerator
InstanceSize,65
OverallRadius,1000
MaximumCluster,8
ClusterRadius,39.82883082
Tilt,0
FlowBParam,5
FlowAParam,-11.93114183
XCoords,97.495898,100.381476,99.374096,84.092656,-483.950622,-471.788174,-467.793849,-431.091802,-447.195675,-433.402550,-820.054440,-820.997322,-823.996267,-797.328797,-805.621302,-795.835299,-821.574385,814.675574,-810.545846,-809.351157,-838.959324,-776.678592,-327.501026,-324.034727,-332.271357,232.552471,227.238926,278.032141,251.765727,-152.834799,-159.726757,-165.436717,-556.885648,-539.614337,-540.919596,-579.522824,-520.807456,-569.423175,-563.839995,266.621633,245.765393,258.392830,231.296513,281.540487,78.743207,57.984018,80.138209,-485.340422,531.750967,772.784593,804.227951,807.059116,-102.589049,-81.618093,-90.047585,-84.382558,658.183279,640.618852,639.638060,662.733361,626.565858,646.843070,656.978616,173.377190,203.759680,168.276463,187.341045,181.122640,183.523406,187.602610,186.977767
YCoords,673.591929,677.594634,722.385419,694.567601,545.626342,572.905650,563.161279,524.784250,530.118321,513.938758,-227.217958,-187.135134,-214.406515,-228.864262,-230.277839,-237.155235,-258.247702,34.873821,63.363799,70.614711,62.006461,70.282832,-533.533487,-522.536845,-528.503646,-298.058338,-304.226613,-311.662151,-283.699926,964.705376,978.296488,954.235240,654.940993,648.282495,625.541310,629.615042,632.867799,664.656145,625.224704,220.007432,189.754418,230.647003,209.459081,197.537485,907.398431,874.531938,910.938763,-170.346083,95.197228,-58.548410,-62.797948,-77.007542,-337.637681,-333.703188,-353.634786,-309.793671,-20.865826,-64.053736,-28.406113,-13.123799,-10.039891,-31.577661,-31.620987,-214.026333,-228.062414,-247.931505,-246.828382,-251.807315,-244.455657,-248.466335,-247.773467
