InstanceType,TaiBGenerator
InstanceSize,65
OverallRadius,1000
MaximumCluster,8
ClusterRadius,56.39470379
Tilt,0
FlowBParam,5
FlowAParam,-14.71973998
XCoords,-189.217870,-142.322828,-183.060525,-205.189503,-189.432737,-176.020234,761.177816,807.104085,809.804817,789.865546,851.930257,797.572951,-125.110306,-129.741949,-96.808866,-103.749878,-123.190771,-486.477295,-486.514837,-529.823890,-497.187305,-490.515405,-437.641110,758.797657,786.691532,575.797584,590.657093,611.614510,570.024790,562.157370,590.867185,60.869672,60.512154,52.041107,-34.900628,-43.643394,-15.195505,7.890743,-54.504071,-41.598740,29.799835,-5.576393,231.741455,247.410718,244.341290,175.842435,67.341581,138.861857,114.872198,-110.005023,-122.359201,-113.148558,-108.176081,-167.458316,-164.760211,-169.916073,-190.650404,-159.661696,-149.691398,253.505641,14.829313,3.048740,-2.112121,50.624943,10.288233,1.917287,-15.164911,8.441157
YCoords,-186.726472,-184.734645,-198.893265,-195.531005,-243.225743,-156.525383,565.243290,551.167936,521.838814,572.137149,534.049850,529.717152,593.749485,678.356838,668.719599,653.355246,585.032293,-846.008486,-845.618914,-874.168411,-855.682136,-844.885710,-837.892879,528.201288,539.829752,-563.505574,-643.135144,-591.515389,-636.574937,-644.597352,-661.868157,-130.827332,-121.870149,-155.200660,0.527519,27.855704,20.147773,-4.096677,-25.582747,33.400075,-0.523710,-16.139967,-961.647476,-991.422869,-943.630035,-968.419278,-102.724060,-102.572681,-87.261446,-797.854417,-790.644803,-803.827071,-14.875101,-16.948842,-13.832394,10.847509,18.555976,-13.565729,-5.417621,-431.835982,142.656243,135.322668,166.719127,193.611836,153.387280,161.834419,193.390302,181.325179
