InstanceType,TaiBGenerator
InstanceSize,85
OverallRadius,1000
MaximumCluster,10
ClusterRadius,84.89894733
Tilt,0
FlowBParam,5
FlowAParam,-4.087335791
XCoords,334.356789,287.479933,295.986017,285.447550,309.996947,286.880108,-581.247620,-543.715390,-526.733925,-593.766609,27.955314,-123.438555,-44.324624,-48.574146,-77.706668,-73.518247,79.953853,177.384831,93.683510,141.717045,224.271193,108.041738,102.729373,238.597998,123.986195,159.060003,-625.856143,-572.789423,-552.011544,-582.585843,-546.666836,-604.067458,-543.842059,-622.433029,-542.127443,-20.776144,13.931583,12.173431,-16.302967,-28.602853,-44.877724,-80.783909,6.904580,-27.996298,16.860232,26.894337,-7.600255,23.402913,22.045928,26.442633,-28.734159,15.221510,-336.997397,-49.241646,-34.602868,-119.097680,-307.068926,-371.637605,-360.987470,822.871548,782.240735,856.890363,774.304109,786.210847,760.355766,804.580834,755.168932,849.841956,788.309170,-528.056753,-504.956366,-515.890776,-524.052076,-452.917971,-373.760466,-378.012203,-385.477258,-306.433291,-368.957571,-240.352600,-317.822506,-280.465142,-340.609980,-389.705040,-431.414495,-396.442244,-385.370491,-393.422425,-370.215758,-392.227829,-384.914702
YCoords,161.756643,174.089907,149.013192,134.202406,52.371856,124.776378,370.472192,324.147501,240.520992,274.711498,22.667899,34.516225,15.689660,5.144033,29.115986,-65.212024,98.070987,34.301537,76.770129,65.591711,85.920152,84.785733,143.193950,85.053772,17.556369,29.891423,256.142174,278.633416,260.222624,254.880982,217.288508,177.713762,266.092801,228.098613,240.135157,-26.642135,5.369930,12.674312,-29.557720,4.060738,-63.648500,-56.571288,33.135859,-22.804746,200.843962,219.566977,213.855929,178.008897,116.747621,181.198037,188.531157,215.442028,-84.981630,-227.021117,-248.250986,-198.007639,85.769986,36.440135,87.851028,310.003467,248.107323,332.588781,307.691963,341.069103,253.684050,284.421899,300.824414,287.617043,370.262160,-9.082396,-4.186365,9.187056,22.733045,-34.509992,378.060581,434.960007,434.765773,436.597400,408.329084,413.605947,469.967664,422.382044,496.046349,567.750881,523.213131,537.145708,517.348375,506.190300,536.634337,503.711495,538.013459
