InstanceType,TaiBGenerator
InstanceSize,60
OverallRadius,1000
MaximumCluster,7
ClusterRadius,74.54820386
Tilt,0.1758259267
FlowBParam,5
FlowAParam,-10.89659016
XCoords,-640.039973,-676.964905,-634.752213,-626.284273,-577.573595,-640.797553,-612.074382,-124.972082,-56.631675,-63.867938,-73.306697,-62.742811,-28.507067,490.052068,485.159797,486.302128,494.823599,625.178223,578.335251,613.520122,-814.361948,-87.984955,-63.632469,28.746935,-0.284762,30.067617,-13.025042,-575.117551,-539.770605,-4.920016,-19.514228,-35.674180,9.023860,-65.274770,659.788695,7.954175,32.170214,-5.933753,61.616794,805.375290,805.095737,873.897895,809.421318,833.275573,858.926527,836.283780,516.688477,547.655816,-339.337079,-421.397868,-269.536884,-260.214318,-29.438266,-32.273461,-51.354507,-63.646279,-25.739539,-56.653742,385.087735,381.719535,313.589560,289.684149,294.930560,274.200964,322.770632
YCoords,-361.087076,-364.840428,-313.414069,-318.983506,-396.818689,-384.200336,-362.337752,255.154659,341.710274,348.315200,310.382493,271.604990,359.522559,757.102554,728.372444,751.346844,756.724293,-325.469498,-433.083033,-324.560226,-78.703964,-25.019978,-53.196022,-34.274542,-56.616359,-46.486208,12.485505,-13.000731,-74.363494,76.790859,91.744979,104.072149,156.554236,134.507590,204.338304,-27.321477,-16.843421,-26.522502,-13.279773,427.404972,509.591115,473.752739,476.686105,484.728831,490.147072,503.170451,-679.137395,-636.633081,-237.337014,-250.101417,756.427963,778.267516,-145.202722,-268.097067,-212.403961,-156.289061,-202.103334,-207.779007,-133.093629,-108.252808,-112.118877,-188.036108,-99.064584,-180.291028,-78.812711
