InstanceType,TaiBGenerator
InstanceSize,75
OverallRadius,1000
MaximumCluster,8
ClusterRadius,49.41683184
Tilt,0
FlowBParam,5
FlowAParam,-10.9244724
XCoords,-809.188615,-760.043515,-764.409404,-773.887656,-783.919226,-776.084292,-771.841007,207.677320,190.746349,198.022810,167.867968,195.358741,431.474518,421.401458,471.766901,429.703478,7.852278,-10.146490,-2.272259,-9.336769,-4.490954,17.509956,-23.143953,2.101621,-15.567859,-37.577559,-0.758807,4.839106,-40.526904,117.999863,70.487855,86.299314,107.481047,101.527791,99.238362,66.644191,120.169294,73.760980,48.393961,564.483453,552.723788,491.780598,512.108281,-15.165985,-53.756507,-12.209995,-34.715070,-442.674921,-443.811318,-442.049309,-426.744473,-441.983774,-482.105891,-478.588757,-432.522037,61.103853,29.057875,28.882658,78.557102,81.136903,75.899214,-380.398949,-395.950110,21.002590,-61.128763,-32.704065,-36.385352,-39.983355,17.281466,-185.786571,25.917710,-233.779198,-245.731916,-223.674394,-488.098818,-504.687555,-471.669541,-470.671479,-478.482331
YCoords,-278.416890,-220.062035,-270.551200,-256.719231,-274.876312,-257.625483,-296.804924,-498.760926,-514.199891,-568.088501,-522.861014,-522.936081,-529.719290,-508.819653,-520.883376,-497.936429,5.309687,3.764294,-0.791378,-12.718000,-16.357016,-36.448214,-11.249857,-32.587029,-25.968204,9.192579,-40.825212,-19.682913,-62.605647,642.007271,623.602313,593.015113,645.817160,605.588583,607.499708,608.686823,619.629342,93.119274,39.937486,534.202138,542.655726,551.691170,548.501197,790.449375,761.971794,744.432029,735.937133,110.991631,110.056901,112.998701,81.835689,103.052946,123.227645,128.023959,128.006129,-665.376597,-694.356551,-690.535264,-688.660456,-684.860750,-667.887832,608.753919,557.819467,-505.501027,-530.623749,-508.713555,-562.599818,-485.738132,-549.385405,-774.621685,321.603059,-240.864627,-204.798889,-258.355133,195.165092,192.570567,229.682176,167.548923,170.628788
