InstanceType,TaiBGenerator
InstanceSize,40
OverallRadius,1000
MaximumCluster,11
ClusterRadius,54.48548618
Tilt,0
FlowBParam,5
FlowAParam,-10.1509318
XCoords,86.056150,133.862896,131.854455,108.243518,111.262505,164.050937,121.631589,64.876090,-55.352822,-55.014665,-54.844783,-93.753302,-120.994602,-90.847058,-92.268452,-339.673592,-311.727251,-305.361417,-336.793778,-350.443287,-328.087399,-328.962399,-334.651526,-295.672121,-568.128129,-719.154830,-766.899649,-800.078233,-752.234761,-802.735464,-728.037489,-758.445054,402.150222,385.573070,314.134003,280.610177,291.204933,342.250538,209.448142,226.288393,154.633983
YCoords,572.370666,593.676561,585.026118,604.076760,591.911899,572.394042,583.192908,604.997672,120.149241,130.653572,-955.710040,-949.678651,-945.611761,-947.334480,-947.421947,387.679859,353.404753,322.174561,372.089451,337.213558,353.518475,367.481130,355.494426,400.295630,-634.369520,270.229588,269.785029,283.783538,281.824040,255.498008,251.393759,275.427336,377.900228,378.644635,804.585442,821.537335,808.226369,816.283594,25.244068,10.064524,35.381067
