InstanceType,TaiBGenerator
InstanceSize,65
OverallRadius,1000
MaximumCluster,5
ClusterRadius,74.45709626
Tilt,0.1816909292
FlowBParam,5
FlowAParam,-12.46190869
XCoords,9.242486,-13.738673,169.546039,60.255455,-402.633373,-389.219253,-455.800078,196.264315,-236.604120,-246.457840,13.688782,4.128092,-192.023382,-94.981251,-73.040732,-134.274375,273.782850,274.092968,273.873711,293.672962,284.800106,-232.778587,3.764019,-700.974459,-693.056246,-725.532379,-119.293016,-94.171111,-402.016179,-331.567981,-380.122062,-392.549101,-435.840218,2.293137,8.444690,-32.261376,93.622256,195.831776,134.731620,84.587351,81.728037,10.542049,3.938255,115.748968,115.633865,88.495496,165.354445,130.469870,111.719806,94.932468,129.875340,139.937847,106.460730,-619.340696,-614.995428,-260.481568,-219.363663,-215.283489,-230.522634,-232.530635,-106.668493,588.846431,648.251545,642.330227,640.004217,671.415062
YCoords,-272.773405,-273.645907,514.495172,441.487443,537.965835,623.910297,565.019910,540.699255,87.223684,94.714172,11.290453,-7.820852,-271.092052,-431.734791,-423.277706,-468.534576,-492.407359,-496.838535,-491.565884,-517.979882,-511.061599,366.065391,-643.386038,-639.168902,-713.846149,-674.878681,156.315657,95.677194,-563.539048,-458.102023,-515.023675,-528.020999,-500.126025,46.028444,-9.850244,-22.739510,-281.206346,-293.437330,-270.778528,-267.049066,-285.302046,-26.969034,-35.800102,11.735683,90.080036,89.340897,65.392214,73.630368,-75.879100,-9.257459,-57.256273,-107.305706,-60.277430,-728.376417,-737.417866,462.859263,464.161887,420.315562,468.468786,463.715717,-493.704794,458.796332,509.121317,528.468557,567.222020,518.896195
