InstanceType,TaiBGenerator
InstanceSize,55
OverallRadius,1000
MaximumCluster,10
ClusterRadius,68.08281201
Tilt,0.1869157503
FlowBParam,5
FlowAParam,-1.376641523
XCoords,245.709968,251.882397,236.395689,200.649165,254.894492,309.188958,206.444821,270.100521,-227.324530,-139.965711,-251.319706,-211.367663,-173.756369,-185.180746,466.569791,500.487430,387.279853,445.661976,505.323717,433.958105,460.364496,431.446503,391.129744,-34.373748,8.584600,432.033457,429.164092,364.835689,-305.344180,-367.940490,-353.096543,-297.772590,-303.901836,-128.046803,-143.294730,-156.534229,-147.108011,-168.559636,-152.662083,-135.340859,462.567278,427.480044,471.721490,470.542667,466.310096,494.931359,442.619977,471.942623,460.255572,-169.751364,-143.818371,-167.583150,-205.387447,-169.271084,-125.150232,-169.931201,-172.008408
YCoords,330.463840,371.530511,320.961117,316.916472,318.851026,324.784493,329.384543,389.542471,-694.685418,-668.427854,-673.265893,-688.980424,-679.520337,-731.306419,425.268390,437.762636,459.000080,454.931673,452.121893,494.383805,406.148661,403.260388,400.150358,332.978877,316.673827,71.471838,2.825830,35.774506,-47.410663,-57.255505,-88.624449,-26.051159,-33.774508,-210.235143,-275.515326,-204.863786,-212.136268,-259.668823,-215.135180,-297.852188,-747.951598,-697.612815,-719.353011,-717.742644,-777.705467,-759.042141,-725.891770,-718.928535,-752.638535,-40.359668,-89.679118,14.631998,-75.126776,-56.178457,-45.789949,-38.162994,-37.465511
