InstanceType,TaiBGenerator
InstanceSize,70
OverallRadius,1000
MaximumCluster,10
ClusterRadius,13.59314471
Tilt,0.1531794151
FlowBParam,5
FlowAParam,-12.23040386
XCoords,-404.138877,-196.214992,-195.775363,-197.059294,-197.292210,-198.718454,-200.880920,-186.576293,-193.958433,-200.021314,-194.474299,-255.437826,431.433741,421.432326,427.286259,432.825766,431.014126,421.718092,427.602698,152.575377,144.553789,145.410525,155.187872,155.198803,-355.748734,-359.594098,-365.036067,-360.000409,-348.697507,-356.555463,-365.365346,-354.309709,277.624169,278.638725,280.851364,277.431444,274.869093,268.826161,270.090945,11.412973,9.852935,12.133028,6.912961,14.192149,-0.004891,4.797562,430.991717,427.012307,422.695318,420.846806,421.431095,4.042657,8.007364,738.171249,44.841207,33.771427,49.507312,32.836373,34.975325,33.230120,812.786750,507.127861,506.861868,500.207041,503.347892,497.719435,506.465572,500.162550,505.596395,507.453178,501.664204
YCoords,-226.785537,-267.251250,-270.005731,-259.660713,-271.755286,-267.135805,-279.457139,-265.900399,-268.424722,-266.077409,-268.895166,-292.611424,189.792073,197.382320,192.185173,191.736836,199.435744,194.585912,191.434033,-367.613898,-363.162285,-376.740323,-365.547450,-361.475386,670.465753,661.147976,671.752575,679.541847,674.387821,664.187746,671.644448,672.386442,-370.798092,-376.205702,-368.924660,-363.511275,-365.544688,-367.789979,-355.671851,10.518044,10.196121,21.058030,4.700409,10.234959,4.088581,7.175257,319.033766,323.042170,320.442535,323.141154,326.969269,4.938885,1.907115,517.926389,767.461540,777.966378,774.650383,777.734393,773.889635,784.913999,290.436768,407.240484,413.074629,406.346044,397.234415,406.121883,413.447725,405.008931,409.352019,403.514431,406.081283
