InstanceType,StuFerGenerator
InstanceSize,60
DistanceType,Manhattan
RectangleDim,4
XCoords,0.000000,1.000000,2.000000,3.000000,0.000000,1.000000,2.000000,3.000000,0.000000,1.000000,2.000000,3.000000,0.000000,1.000000,2.000000,3.000000,0.000000,1.000000,2.000000,3.000000,0.000000,1.000000,2.000000,3.000000,0.000000,1.000000,2.000000,3.000000,0.000000,1.000000,2.000000,3.000000,0.000000,1.000000,2.000000,3.000000,0.000000,1.000000,2.000000,3.000000,0.000000,1.000000,2.000000,3.000000,0.000000,1.000000,2.000000,3.000000,0.000000,1.000000,2.000000,3.000000,0.000000,1.000000,2.000000,3.000000,0.000000,1.000000,2.000000,3.000000
YCoords,0.000000,0.000000,0.000000,0.000000,1.000000,1.000000,1.000000,1.000000,2.000000,2.000000,2.000000,2.000000,3.000000,3.000000,3.000000,3.000000,4.000000,4.000000,4.000000,4.000000,5.000000,5.000000,5.000000,5.000000,6.000000,6.000000,6.000000,6.000000,7.000000,7.000000,7.000000,7.000000,8.000000,8.000000,8.000000,8.000000,9.000000,9.000000,9.000000,9.000000,10.000000,10.000000,10.000000,10.000000,11.000000,11.000000,11.000000,11.000000,12.000000,12.000000,12.000000,12.000000,13.000000,13.000000,13.000000,13.000000,14.000000,14.000000,14.000000,14.000000
FlowType,Random
ZeroProbability,0.7968369347
Exponent,5.760820122
